test_id,robot_count,mission_size,inventory_id,scenario,mode,makespan,robot_id,robot_idle_time
test_10_2_t_logistics_i1_bl1,10,2,1,logistics,bl1,94.50204157829285,robot_1,68.8911190032959
test_10_2_t_logistics_i1_bl1,10,2,1,logistics,bl1,94.50204157829285,robot_2,73.42753529548645
test_10_2_t_logistics_i1_bl1,10,2,1,logistics,bl1,94.50204157829285,robot_3,77.96416902542114
test_10_2_t_logistics_i1_bl1,10,2,1,logistics,bl1,94.50204157829285,robot_4,83.96479320526123
test_10_2_t_logistics_i1_bl1,10,2,1,logistics,bl1,94.50204157829285,robot_5,94.50204157829285
test_10_2_t_logistics_i1_bl1,10,2,1,logistics,bl1,94.50204157829285,robot_6,76.50169277191162
test_10_2_t_logistics_i1_bl1,10,2,1,logistics,bl1,94.50204157829285,robot_7,94.50204157829285
test_10_2_t_logistics_i1_bl1,10,2,1,logistics,bl1,94.50204157829285,robot_8,91.50373959541321
test_10_2_t_logistics_i1_bl1,10,2,1,logistics,bl1,94.50204157829285,robot_9,88.50153613090515
test_10_2_t_logistics_i1_bl1,10,2,1,logistics,bl1,94.50204157829285,robot_10,94.50204157829285
test_5_20_t_surveillance_i1_multi3,5,20,1,surveillance,multi3,549.0191779136658,robot_1,501.02001953125
test_5_20_t_surveillance_i1_multi3,5,20,1,surveillance,multi3,549.0191779136658,robot_2,361.4989674091339
test_5_20_t_surveillance_i1_multi3,5,20,1,surveillance,multi3,549.0191779136658,robot_3,433.4999930858612
test_5_20_t_surveillance_i1_multi3,5,20,1,surveillance,multi3,549.0191779136658,robot_4,248.90014481544495
test_5_20_t_surveillance_i1_multi3,5,20,1,surveillance,multi3,549.0191779136658,robot_5,112.39729428291321
test_10_20_t_cleaning_i0_bl2,10,20,0,cleaning,bl2,987.0400862693787,robot_1,431.3625752925873
test_10_20_t_cleaning_i0_bl2,10,20,0,cleaning,bl2,987.0400862693787,robot_2,567.8107542991638
test_10_20_t_cleaning_i0_bl2,10,20,0,cleaning,bl2,987.0400862693787,robot_3,987.0400862693787
test_10_20_t_cleaning_i0_bl2,10,20,0,cleaning,bl2,987.0400862693787,robot_4,987.0400862693787
test_10_20_t_cleaning_i0_bl2,10,20,0,cleaning,bl2,987.0400862693787,robot_5,973.5014040470123
test_10_20_t_cleaning_i0_bl2,10,20,0,cleaning,bl2,987.0400862693787,robot_6,987.0400862693787
test_10_20_t_cleaning_i0_bl2,10,20,0,cleaning,bl2,987.0400862693787,robot_7,987.0400862693787
test_10_20_t_cleaning_i0_bl2,10,20,0,cleaning,bl2,987.0400862693787,robot_8,987.0400862693787
test_10_20_t_cleaning_i0_bl2,10,20,0,cleaning,bl2,987.0400862693787,robot_9,987.0400862693787
test_10_20_t_cleaning_i0_bl2,10,20,0,cleaning,bl2,987.0400862693787,robot_10,966.0404741764069
test_10_20_t_surveillance_i2_bl0,10,20,2,surveillance,bl0,847.5022187232971,robot_1,462.14394330978394
test_10_20_t_surveillance_i2_bl0,10,20,2,surveillance,bl0,847.5022187232971,robot_2,677.3741855621338
test_10_20_t_surveillance_i2_bl0,10,20,2,surveillance,bl0,847.5022187232971,robot_3,552.7962481975555
test_10_20_t_surveillance_i2_bl0,10,20,2,surveillance,bl0,847.5022187232971,robot_4,826.5030515193939
test_10_20_t_surveillance_i2_bl0,10,20,2,surveillance,bl0,847.5022187232971,robot_5,847.5022187232971
test_10_20_t_surveillance_i2_bl0,10,20,2,surveillance,bl0,847.5022187232971,robot_6,847.5022187232971
test_10_20_t_surveillance_i2_bl0,10,20,2,surveillance,bl0,847.5022187232971,robot_7,839.963178396225
test_10_20_t_surveillance_i2_bl0,10,20,2,surveillance,bl0,847.5022187232971,robot_8,847.5022187232971
test_10_20_t_surveillance_i2_bl0,10,20,2,surveillance,bl0,847.5022187232971,robot_9,832.503858089447
test_10_20_t_surveillance_i2_bl0,10,20,2,surveillance,bl0,847.5022187232971,robot_10,847.5022187232971
test_2_10_t_agriculture_i1_bl0,2,10,1,agriculture,bl0,454.5021483898163,robot_1,149.89719533920288
test_2_10_t_agriculture_i1_bl0,2,10,1,agriculture,bl0,454.5021483898163,robot_2,293.89046907424927
test_5_2_t_cleaning_i2_bl1,5,2,2,cleaning,bl1,90.02262234687805,robot_1,90.02262234687805
test_5_2_t_cleaning_i2_bl1,5,2,2,cleaning,bl1,90.02262234687805,robot_2,65.98353242874146
test_5_2_t_cleaning_i2_bl1,5,2,2,cleaning,bl1,90.02262234687805,robot_3,69.0226628780365
test_5_2_t_cleaning_i2_bl1,5,2,2,cleaning,bl1,90.02262234687805,robot_4,63.0225465297699
test_5_2_t_cleaning_i2_bl1,5,2,2,cleaning,bl1,90.02262234687805,robot_5,70.5161201953888
test_5_2_t_logistics_i2_bl0,5,2,2,logistics,bl0,133.50199055671692,robot_1,118.50068378448486
test_5_2_t_logistics_i2_bl0,5,2,2,logistics,bl0,133.50199055671692,robot_2,101.98146963119507
test_5_2_t_logistics_i2_bl0,5,2,2,logistics,bl0,133.50199055671692,robot_3,110.98009705543518
test_5_2_t_logistics_i2_bl0,5,2,2,logistics,bl0,133.50199055671692,robot_4,98.94099521636963
test_5_2_t_logistics_i2_bl0,5,2,2,logistics,bl0,133.50199055671692,robot_5,100.50296068191528
test_2_2_t_cleaning_i1_bl0,2,2,1,cleaning,bl0,111.01065492630005,robot_1,46.50072360038757
test_2_2_t_cleaning_i1_bl0,2,2,1,cleaning,bl0,111.01065492630005,robot_2,61.502511739730835
test_10_10_t_agriculture_i2_bl0,10,10,2,agriculture,bl0,436.50208711624146,robot_1,43.43012523651123
test_10_10_t_agriculture_i2_bl0,10,10,2,agriculture,bl0,436.50208711624146,robot_2,419.96428966522217
test_10_10_t_agriculture_i2_bl0,10,10,2,agriculture,bl0,436.50208711624146,robot_3,425.9644091129303
test_10_10_t_agriculture_i2_bl0,10,10,2,agriculture,bl0,436.50208711624146,robot_4,433.5038104057312
test_10_10_t_agriculture_i2_bl0,10,10,2,agriculture,bl0,436.50208711624146,robot_5,436.50208711624146
test_10_10_t_agriculture_i2_bl0,10,10,2,agriculture,bl0,436.50208711624146,robot_6,436.50208711624146
test_10_10_t_agriculture_i2_bl0,10,10,2,agriculture,bl0,436.50208711624146,robot_7,436.50208711624146
test_10_10_t_agriculture_i2_bl0,10,10,2,agriculture,bl0,436.50208711624146,robot_8,436.50208711624146
test_10_10_t_agriculture_i2_bl0,10,10,2,agriculture,bl0,436.50208711624146,robot_9,436.50208711624146
test_10_10_t_agriculture_i2_bl0,10,10,2,agriculture,bl0,436.50208711624146,robot_10,419.96438908576965
test_5_10_t_surveillance_i1_bl1,5,10,1,surveillance,bl1,438.0217487812042,robot_1,158.78338170051575
test_5_10_t_surveillance_i1_bl1,5,10,1,surveillance,bl1,438.0217487812042,robot_2,420.02197551727295
test_5_10_t_surveillance_i1_bl1,5,10,1,surveillance,bl1,438.0217487812042,robot_3,320.7963488101959
test_5_10_t_surveillance_i1_bl1,5,10,1,surveillance,bl1,438.0217487812042,robot_4,426.02212285995483
test_5_10_t_surveillance_i1_bl1,5,10,1,surveillance,bl1,438.0217487812042,robot_5,409.5016827583313
test_10_2_t_logistics_i2_multi3,10,2,2,logistics,multi3,73.5020923614502,robot_1,43.422913789749146
test_10_2_t_logistics_i2_multi3,10,2,2,logistics,multi3,73.5020923614502,robot_2,73.5020923614502
test_10_2_t_logistics_i2_multi3,10,2,2,logistics,multi3,73.5020923614502,robot_3,73.5020923614502
test_10_2_t_logistics_i2_multi3,10,2,2,logistics,multi3,73.5020923614502,robot_4,55.50060677528381
test_10_2_t_logistics_i2_multi3,10,2,2,logistics,multi3,73.5020923614502,robot_5,73.5020923614502
test_10_2_t_logistics_i2_multi3,10,2,2,logistics,multi3,73.5020923614502,robot_6,23.934452533721924
test_10_2_t_logistics_i2_multi3,10,2,2,logistics,multi3,73.5020923614502,robot_7,73.5020923614502
test_10_2_t_logistics_i2_multi3,10,2,2,logistics,multi3,73.5020923614502,robot_8,73.5020923614502
test_10_2_t_logistics_i2_multi3,10,2,2,logistics,multi3,73.5020923614502,robot_9,64.50396490097046
test_10_2_t_logistics_i2_multi3,10,2,2,logistics,multi3,73.5020923614502,robot_10,64.5013837814331
test_5_20_t_agriculture_i1_bl1,5,20,1,agriculture,bl1,915.0223896503448,robot_1,221.6659607887268
test_5_20_t_agriculture_i1_bl1,5,20,1,agriculture,bl1,915.0223896503448,robot_2,703.1657433509827
test_5_20_t_agriculture_i1_bl1,5,20,1,agriculture,bl1,915.0223896503448,robot_3,915.0223896503448
test_5_20_t_agriculture_i1_bl1,5,20,1,agriculture,bl1,915.0223896503448,robot_4,901.5007343292236
test_5_20_t_agriculture_i1_bl1,5,20,1,agriculture,bl1,915.0223896503448,robot_5,912.0223073959351
test_10_20_t_agriculture_i0_multi3,10,20,0,agriculture,multi3,202.50237846374512,robot_1,53.96484851837158
test_10_20_t_agriculture_i0_multi3,10,20,0,agriculture,multi3,202.50237846374512,robot_2,53.964786767959595
test_10_20_t_agriculture_i0_multi3,10,20,0,agriculture,multi3,202.50237846374512,robot_3,55.527918100357056
test_10_20_t_agriculture_i0_multi3,10,20,0,agriculture,multi3,202.50237846374512,robot_4,77.88793659210205
test_10_20_t_agriculture_i0_multi3,10,20,0,agriculture,multi3,202.50237846374512,robot_5,70.50113368034363
test_10_20_t_agriculture_i0_multi3,10,20,0,agriculture,multi3,202.50237846374512,robot_6,92.887455701828
test_10_20_t_agriculture_i0_multi3,10,20,0,agriculture,multi3,202.50237846374512,robot_7,74.96662449836731
test_10_20_t_agriculture_i0_multi3,10,20,0,agriculture,multi3,202.50237846374512,robot_8,170.88442969322205
test_10_20_t_agriculture_i0_multi3,10,20,0,agriculture,multi3,202.50237846374512,robot_9,127.42124915122986
test_10_20_t_agriculture_i0_multi3,10,20,0,agriculture,multi3,202.50237846374512,robot_10,166.45130014419556
test_10_10_t_cleaning_i1_bl2,10,10,1,cleaning,bl2,450.04066348075867,robot_1,211.27952766418457
test_10_10_t_cleaning_i1_bl2,10,10,1,cleaning,bl2,450.04066348075867,robot_2,286.20446038246155
test_10_10_t_cleaning_i1_bl2,10,10,1,cleaning,bl2,450.04066348075867,robot_3,450.04066348075867
test_10_10_t_cleaning_i1_bl2,10,10,1,cleaning,bl2,450.04066348075867,robot_4,415.5021460056305
test_10_10_t_cleaning_i1_bl2,10,10,1,cleaning,bl2,450.04066348075867,robot_5,439.5026843547821
test_10_10_t_cleaning_i1_bl2,10,10,1,cleaning,bl2,450.04066348075867,robot_6,450.04066348075867
test_10_10_t_cleaning_i1_bl2,10,10,1,cleaning,bl2,450.04066348075867,robot_7,450.04066348075867
test_10_10_t_cleaning_i1_bl2,10,10,1,cleaning,bl2,450.04066348075867,robot_8,450.04066348075867
test_10_10_t_cleaning_i1_bl2,10,10,1,cleaning,bl2,450.04066348075867,robot_9,450.04066348075867
test_10_10_t_cleaning_i1_bl2,10,10,1,cleaning,bl2,450.04066348075867,robot_10,439.5038957595825
test_2_2_t_surveillance_i1_bl1,2,2,1,surveillance,bl1,91.50203847885132,robot_1,32.99551296234131
test_2_2_t_surveillance_i1_bl1,2,2,1,surveillance,bl1,91.50203847885132,robot_2,61.48648142814636
test_2_2_t_agriculture_i1_multi3,2,2,1,agriculture,multi3,94.50204706192017,robot_1,11.993829488754272
test_2_2_t_agriculture_i1_multi3,2,2,1,agriculture,multi3,94.50204706192017,robot_2,38.995272636413574
test_5_20_t_cleaning_i1_multi3,5,20,1,cleaning,multi3,273.0225646495819,robot_1,44.94211459159851
test_5_20_t_cleaning_i1_multi3,5,20,1,cleaning,multi3,273.0225646495819,robot_2,116.98444128036499
test_5_20_t_cleaning_i1_multi3,5,20,1,cleaning,multi3,273.0225646495819,robot_3,45.02377724647522
test_5_20_t_cleaning_i1_multi3,5,20,1,cleaning,multi3,273.0225646495819,robot_4,24.024619579315186
test_5_20_t_cleaning_i1_multi3,5,20,1,cleaning,multi3,273.0225646495819,robot_5,64.46409845352173
test_10_2_t_surveillance_i2_bl1,10,2,2,surveillance,bl1,124.5019018650055,robot_1,112.50059676170349
test_10_2_t_surveillance_i2_bl1,10,2,2,surveillance,bl1,124.5019018650055,robot_2,64.35160064697266
test_10_2_t_surveillance_i2_bl1,10,2,2,surveillance,bl1,124.5019018650055,robot_3,91.45806193351746
test_10_2_t_surveillance_i2_bl1,10,2,2,surveillance,bl1,124.5019018650055,robot_4,124.5019018650055
test_10_2_t_surveillance_i2_bl1,10,2,2,surveillance,bl1,124.5019018650055,robot_5,124.5019018650055
test_10_2_t_surveillance_i2_bl1,10,2,2,surveillance,bl1,124.5019018650055,robot_6,124.5019018650055
test_10_2_t_surveillance_i2_bl1,10,2,2,surveillance,bl1,124.5019018650055,robot_7,124.5019018650055
test_10_2_t_surveillance_i2_bl1,10,2,2,surveillance,bl1,124.5019018650055,robot_8,112.52634358406067
test_10_2_t_surveillance_i2_bl1,10,2,2,surveillance,bl1,124.5019018650055,robot_9,109.50355052947998
test_10_2_t_surveillance_i2_bl1,10,2,2,surveillance,bl1,124.5019018650055,robot_10,124.5019018650055
test_10_2_t_surveillance_i2_bl0,10,2,2,surveillance,bl0,123.03995752334595,robot_1,123.03995752334595
test_10_2_t_surveillance_i2_bl0,10,2,2,surveillance,bl0,123.03995752334595,robot_2,73.42716312408447
test_10_2_t_surveillance_i2_bl0,10,2,2,surveillance,bl0,123.03995752334595,robot_3,89.9791419506073
test_10_2_t_surveillance_i2_bl0,10,2,2,surveillance,bl0,123.03995752334595,robot_4,123.03995752334595
test_10_2_t_surveillance_i2_bl0,10,2,2,surveillance,bl0,123.03995752334595,robot_5,123.03995752334595
test_10_2_t_surveillance_i2_bl0,10,2,2,surveillance,bl0,123.03995752334595,robot_6,123.03995752334595
test_10_2_t_surveillance_i2_bl0,10,2,2,surveillance,bl0,123.03995752334595,robot_7,109.51222634315491
test_10_2_t_surveillance_i2_bl0,10,2,2,surveillance,bl0,123.03995752334595,robot_8,112.50327968597412
test_10_2_t_surveillance_i2_bl0,10,2,2,surveillance,bl0,123.03995752334595,robot_9,94.50157427787781
test_10_2_t_surveillance_i2_bl0,10,2,2,surveillance,bl0,123.03995752334595,robot_10,123.03995752334595
test_10_20_t_cleaning_i2_multi3,10,20,2,cleaning,multi3,166.50214004516602,robot_1,26.966453552246094
test_10_20_t_cleaning_i2_multi3,10,20,2,cleaning,multi3,166.50214004516602,robot_2,101.9098289012909
test_10_20_t_cleaning_i2_multi3,10,20,2,cleaning,multi3,166.50214004516602,robot_3,40.50425338745117
test_10_20_t_cleaning_i2_multi3,10,20,2,cleaning,multi3,166.50214004516602,robot_4,56.883928298950195
test_10_20_t_cleaning_i2_multi3,10,20,2,cleaning,multi3,166.50214004516602,robot_5,11.96718692779541
test_10_20_t_cleaning_i2_multi3,10,20,2,cleaning,multi3,166.50214004516602,robot_6,82.42581796646118
test_10_20_t_cleaning_i2_multi3,10,20,2,cleaning,multi3,166.50214004516602,robot_7,134.96421360969543
test_10_20_t_cleaning_i2_multi3,10,20,2,cleaning,multi3,166.50214004516602,robot_8,92.90630531311035
test_10_20_t_cleaning_i2_multi3,10,20,2,cleaning,multi3,166.50214004516602,robot_9,59.9459273815155
test_10_20_t_cleaning_i2_multi3,10,20,2,cleaning,multi3,166.50214004516602,robot_10,67.40022921562195
test_10_2_t_agriculture_i0_bl2,10,2,0,agriculture,bl2,133.5020785331726,robot_1,88.46078181266785
test_10_2_t_agriculture_i0_bl2,10,2,0,agriculture,bl2,133.5020785331726,robot_2,88.4270646572113
test_10_2_t_agriculture_i0_bl2,10,2,0,agriculture,bl2,133.5020785331726,robot_3,121.50370335578918
test_10_2_t_agriculture_i0_bl2,10,2,0,agriculture,bl2,133.5020785331726,robot_4,133.5020785331726
test_10_2_t_agriculture_i0_bl2,10,2,0,agriculture,bl2,133.5020785331726,robot_5,122.96385025978088
test_10_2_t_agriculture_i0_bl2,10,2,0,agriculture,bl2,133.5020785331726,robot_6,116.96494746208191
test_10_2_t_agriculture_i0_bl2,10,2,0,agriculture,bl2,133.5020785331726,robot_7,121.50373983383179
test_10_2_t_agriculture_i0_bl2,10,2,0,agriculture,bl2,133.5020785331726,robot_8,133.5020785331726
test_10_2_t_agriculture_i0_bl2,10,2,0,agriculture,bl2,133.5020785331726,robot_9,133.5020785331726
test_10_2_t_agriculture_i0_bl2,10,2,0,agriculture,bl2,133.5020785331726,robot_10,133.5020785331726
test_10_20_t_logistics_i2_multi3,10,20,2,logistics,multi3,640.5023715496063,robot_1,610.5060424804688
test_10_20_t_logistics_i2_multi3,10,20,2,logistics,multi3,640.5023715496063,robot_2,611.9686939716339
test_10_20_t_logistics_i2_multi3,10,20,2,logistics,multi3,640.5023715496063,robot_3,614.9665040969849
test_10_20_t_logistics_i2_multi3,10,20,2,logistics,multi3,640.5023715496063,robot_4,520.5027866363525
test_10_20_t_logistics_i2_multi3,10,20,2,logistics,multi3,640.5023715496063,robot_5,617.9688262939453
test_10_20_t_logistics_i2_multi3,10,20,2,logistics,multi3,640.5023715496063,robot_6,298.0957729816437
test_10_20_t_logistics_i2_multi3,10,20,2,logistics,multi3,640.5023715496063,robot_7,326.4410226345062
test_10_20_t_logistics_i2_multi3,10,20,2,logistics,multi3,640.5023715496063,robot_8,611.9624028205872
test_10_20_t_logistics_i2_multi3,10,20,2,logistics,multi3,640.5023715496063,robot_9,619.50497174263
test_10_20_t_logistics_i2_multi3,10,20,2,logistics,multi3,640.5023715496063,robot_10,493.27927923202515
test_5_10_t_surveillance_i2_multi3,5,10,2,surveillance,multi3,261.0225684642792,robot_1,146.9009621143341
test_5_10_t_surveillance_i2_multi3,5,10,2,surveillance,multi3,261.0225684642792,robot_2,195.02281832695007
test_5_10_t_surveillance_i2_multi3,5,10,2,surveillance,multi3,261.0225684642792,robot_3,199.5024914741516
test_5_10_t_surveillance_i2_multi3,5,10,2,surveillance,multi3,261.0225684642792,robot_4,82.38104248046875
test_5_10_t_surveillance_i2_multi3,5,10,2,surveillance,multi3,261.0225684642792,robot_5,188.98232674598694
test_2_2_t_surveillance_i1_bl0,2,2,1,surveillance,bl0,94.50183510780334,robot_1,47.975059509277344
test_2_2_t_surveillance_i1_bl0,2,2,1,surveillance,bl0,94.50183510780334,robot_2,47.9780216217041
test_2_10_t_cleaning_i1_multi3,2,10,1,cleaning,multi3,321.01036071777344,robot_1,7.5012853145599365
test_2_10_t_cleaning_i1_multi3,2,10,1,cleaning,multi3,321.01036071777344,robot_2,51.01010799407959
test_5_10_t_cleaning_i2_bl2,5,10,2,cleaning,bl2,522.0219836235046,robot_1,196.34567523002625
test_5_10_t_cleaning_i2_bl2,5,10,2,cleaning,bl2,522.0219836235046,robot_2,359.87073826789856
test_5_10_t_cleaning_i2_bl2,5,10,2,cleaning,bl2,522.0219836235046,robot_3,508.50436329841614
test_5_10_t_cleaning_i2_bl2,5,10,2,cleaning,bl2,522.0219836235046,robot_4,501.0355579853058
test_5_10_t_cleaning_i2_bl2,5,10,2,cleaning,bl2,522.0219836235046,robot_5,505.50192189216614
test_5_20_t_agriculture_i1_bl0,5,20,1,agriculture,bl0,915.0220630168915,robot_1,199.19386267662048
test_5_20_t_agriculture_i1_bl0,5,20,1,agriculture,bl0,915.0220630168915,robot_2,715.1527926921844
test_5_20_t_agriculture_i1_bl0,5,20,1,agriculture,bl0,915.0220630168915,robot_3,904.5027425289154
test_5_20_t_agriculture_i1_bl0,5,20,1,agriculture,bl0,915.0220630168915,robot_4,910.5028126239777
test_5_20_t_agriculture_i1_bl0,5,20,1,agriculture,bl0,915.0220630168915,robot_5,915.0220630168915
test_5_10_t_surveillance_i1_bl0,5,10,1,surveillance,bl0,439.5021197795868,robot_1,155.7575433254242
test_5_10_t_surveillance_i1_bl0,5,10,1,surveillance,bl0,439.5021197795868,robot_2,421.4940230846405
test_5_10_t_surveillance_i1_bl0,5,10,1,surveillance,bl0,439.5021197795868,robot_3,329.78142976760864
test_5_10_t_surveillance_i1_bl0,5,10,1,surveillance,bl0,439.5021197795868,robot_4,397.4625451564789
test_5_10_t_surveillance_i1_bl0,5,10,1,surveillance,bl0,439.5021197795868,robot_5,439.5021197795868
test_5_2_t_logistics_i1_multi3,5,2,1,logistics,multi3,124.50186252593994,robot_1,55.46135497093201
test_5_2_t_logistics_i1_multi3,5,2,1,logistics,multi3,124.50186252593994,robot_2,49.5052273273468
test_5_2_t_logistics_i1_multi3,5,2,1,logistics,multi3,124.50186252593994,robot_3,119.98175048828125
test_5_2_t_logistics_i1_multi3,5,2,1,logistics,multi3,124.50186252593994,robot_4,109.50192737579346
test_5_2_t_logistics_i1_multi3,5,2,1,logistics,multi3,124.50186252593994,robot_5,118.50259113311768
test_10_10_t_agriculture_i2_bl1,10,10,2,agriculture,bl1,433.5021073818207,robot_1,50.96660900115967
test_10_10_t_agriculture_i2_bl1,10,10,2,agriculture,bl1,433.5021073818207,robot_2,416.96413397789
test_10_10_t_agriculture_i2_bl1,10,10,2,agriculture,bl1,433.5021073818207,robot_3,433.5021073818207
test_10_10_t_agriculture_i2_bl1,10,10,2,agriculture,bl1,433.5021073818207,robot_4,427.50230288505554
test_10_10_t_agriculture_i2_bl1,10,10,2,agriculture,bl1,433.5021073818207,robot_5,416.96402883529663
test_10_10_t_agriculture_i2_bl1,10,10,2,agriculture,bl1,433.5021073818207,robot_6,433.5021073818207
test_10_10_t_agriculture_i2_bl1,10,10,2,agriculture,bl1,433.5021073818207,robot_7,430.5038650035858
test_10_10_t_agriculture_i2_bl1,10,10,2,agriculture,bl1,433.5021073818207,robot_8,433.5021073818207
test_10_10_t_agriculture_i2_bl1,10,10,2,agriculture,bl1,433.5021073818207,robot_9,433.5021073818207
test_10_10_t_agriculture_i2_bl1,10,10,2,agriculture,bl1,433.5021073818207,robot_10,418.5016589164734
test_2_20_t_surveillance_i0_multi3,2,20,0,surveillance,multi3,784.5022180080414,robot_1,223.40017986297607
test_2_20_t_surveillance_i0_multi3,2,20,0,surveillance,multi3,784.5022180080414,robot_2,322.44381952285767
test_2_2_t_cleaning_i1_bl1,2,2,1,cleaning,bl1,112.50203132629395,robot_1,62.992966651916504
test_2_2_t_cleaning_i1_bl1,2,2,1,cleaning,bl1,112.50203132629395,robot_2,55.503697633743286
test_5_2_t_logistics_i2_bl1,5,2,2,logistics,bl1,132.02259516716003,robot_1,117.02312231063843
test_5_2_t_logistics_i2_bl1,5,2,2,logistics,bl1,132.02259516716003,robot_2,100.50344157218933
test_5_2_t_logistics_i2_bl1,5,2,2,logistics,bl1,132.02259516716003,robot_3,106.50289463996887
test_5_2_t_logistics_i2_bl1,5,2,2,logistics,bl1,132.02259516716003,robot_4,100.47469568252563
test_5_2_t_logistics_i2_bl1,5,2,2,logistics,bl1,132.02259516716003,robot_5,97.50287294387817
test_5_2_t_cleaning_i2_bl0,5,2,2,cleaning,bl0,93.02247929573059,robot_1,93.02247929573059
test_5_2_t_cleaning_i2_bl0,5,2,2,cleaning,bl0,93.02247929573059,robot_2,84.0213520526886
test_5_2_t_cleaning_i2_bl0,5,2,2,cleaning,bl0,93.02247929573059,robot_3,29.98199462890625
test_5_2_t_cleaning_i2_bl0,5,2,2,cleaning,bl0,93.02247929573059,robot_4,81.01762294769287
test_5_2_t_cleaning_i2_bl0,5,2,2,cleaning,bl0,93.02247929573059,robot_5,79.50179409980774
test_2_10_t_agriculture_i1_bl1,2,10,1,agriculture,bl1,453.0109622478485,robot_1,128.9197838306427
test_2_10_t_agriculture_i1_bl1,2,10,1,agriculture,bl1,453.0109622478485,robot_2,316.40101075172424
test_2_20_t_surveillance_i0_bl2,2,20,0,surveillance,bl2,811.5020005702972,robot_1,58.48562145233154
test_2_20_t_surveillance_i0_bl2,2,20,0,surveillance,bl2,811.5020005702972,robot_2,748.4910387992859
test_10_20_t_surveillance_i2_bl1,10,20,2,surveillance,bl1,850.5021858215332,robot_1,465.1338276863098
test_10_20_t_surveillance_i2_bl1,10,20,2,surveillance,bl1,850.5021858215332,robot_2,683.3816685676575
test_10_20_t_surveillance_i2_bl1,10,20,2,surveillance,bl1,850.5021858215332,robot_3,555.7829484939575
test_10_20_t_surveillance_i2_bl1,10,20,2,surveillance,bl1,850.5021858215332,robot_4,850.5021858215332
test_10_20_t_surveillance_i2_bl1,10,20,2,surveillance,bl1,850.5021858215332,robot_5,850.5021858215332
test_10_20_t_surveillance_i2_bl1,10,20,2,surveillance,bl1,850.5021858215332,robot_6,850.5021858215332
test_10_20_t_surveillance_i2_bl1,10,20,2,surveillance,bl1,850.5021858215332,robot_7,824.9663410186768
test_10_20_t_surveillance_i2_bl1,10,20,2,surveillance,bl1,850.5021858215332,robot_8,836.9640741348267
test_10_20_t_surveillance_i2_bl1,10,20,2,surveillance,bl1,850.5021858215332,robot_9,842.9641609191895
test_10_20_t_surveillance_i2_bl1,10,20,2,surveillance,bl1,850.5021858215332,robot_10,850.5021858215332
test_10_2_t_logistics_i1_bl0,10,2,1,logistics,bl0,90.04071426391602,robot_1,61.426286458969116
test_10_2_t_logistics_i1_bl0,10,2,1,logistics,bl0,90.04071426391602,robot_2,76.50606679916382
test_10_2_t_logistics_i1_bl0,10,2,1,logistics,bl0,90.04071426391602,robot_3,73.50814390182495
test_10_2_t_logistics_i1_bl0,10,2,1,logistics,bl0,90.04071426391602,robot_4,67.50325441360474
test_10_2_t_logistics_i1_bl0,10,2,1,logistics,bl0,90.04071426391602,robot_5,84.04249048233032
test_10_2_t_logistics_i1_bl0,10,2,1,logistics,bl0,90.04071426391602,robot_6,73.5251624584198
test_10_2_t_logistics_i1_bl0,10,2,1,logistics,bl0,90.04071426391602,robot_7,90.04071426391602
test_10_2_t_logistics_i1_bl0,10,2,1,logistics,bl0,90.04071426391602,robot_8,90.04071426391602
test_10_2_t_logistics_i1_bl0,10,2,1,logistics,bl0,90.04071426391602,robot_9,90.04071426391602
test_10_2_t_logistics_i1_bl0,10,2,1,logistics,bl0,90.04071426391602,robot_10,90.04071426391602
test_5_10_t_agriculture_i1_multi3,5,10,1,agriculture,multi3,163.50207138061523,robot_1,97.50134682655334
test_5_10_t_agriculture_i1_multi3,5,10,1,agriculture,multi3,163.50207138061523,robot_2,20.982905864715576
test_5_10_t_agriculture_i1_multi3,5,10,1,agriculture,multi3,163.50207138061523,robot_3,24.023510217666626
test_5_10_t_agriculture_i1_multi3,5,10,1,agriculture,multi3,163.50207138061523,robot_4,100.50143337249756
test_5_10_t_agriculture_i1_multi3,5,10,1,agriculture,multi3,163.50207138061523,robot_5,67.50242114067078
test_10_2_t_logistics_i1_bl2,10,2,1,logistics,bl2,94.50208854675293,robot_1,65.8873450756073
test_10_2_t_logistics_i1_bl2,10,2,1,logistics,bl2,94.50208854675293,robot_2,80.96175169944763
test_10_2_t_logistics_i1_bl2,10,2,1,logistics,bl2,94.50208854675293,robot_3,74.9696295261383
test_10_2_t_logistics_i1_bl2,10,2,1,logistics,bl2,94.50208854675293,robot_4,79.42733216285706
test_10_2_t_logistics_i1_bl2,10,2,1,logistics,bl2,94.50208854675293,robot_5,94.50208854675293
test_10_2_t_logistics_i1_bl2,10,2,1,logistics,bl2,94.50208854675293,robot_6,79.49428749084473
test_10_2_t_logistics_i1_bl2,10,2,1,logistics,bl2,94.50208854675293,robot_7,94.50208854675293
test_10_2_t_logistics_i1_bl2,10,2,1,logistics,bl2,94.50208854675293,robot_8,94.50208854675293
test_10_2_t_logistics_i1_bl2,10,2,1,logistics,bl2,94.50208854675293,robot_9,85.50132155418396
test_10_2_t_logistics_i1_bl2,10,2,1,logistics,bl2,94.50208854675293,robot_10,89.97231888771057
test_5_20_t_logistics_i1_multi3,5,20,1,logistics,multi3,739.5022721290588,robot_1,310.435884475708
test_5_20_t_logistics_i1_multi3,5,20,1,logistics,multi3,739.5022721290588,robot_2,323.7829053401947
test_5_20_t_logistics_i1_multi3,5,20,1,logistics,multi3,739.5022721290588,robot_3,637.4658579826355
test_5_20_t_logistics_i1_multi3,5,20,1,logistics,multi3,739.5022721290588,robot_4,544.2906453609467
test_5_20_t_logistics_i1_multi3,5,20,1,logistics,multi3,739.5022721290588,robot_5,664.4771480560303
test_2_20_t_surveillance_i0_bl0,2,20,0,surveillance,bl0,813.0107350349426,robot_1,31.485383987426758
test_2_20_t_surveillance_i0_bl0,2,20,0,surveillance,bl0,813.0107350349426,robot_2,776.994633436203
test_10_20_t_cleaning_i0_bl1,10,20,0,cleaning,bl1,976.502105474472,robot_1,443.3834421634674
test_10_20_t_cleaning_i0_bl1,10,20,0,cleaning,bl1,976.502105474472,robot_2,600.8177325725555
test_10_20_t_cleaning_i0_bl1,10,20,0,cleaning,bl1,976.502105474472,robot_3,959.965300321579
test_10_20_t_cleaning_i0_bl1,10,20,0,cleaning,bl1,976.502105474472,robot_4,976.502105474472
test_10_20_t_cleaning_i0_bl1,10,20,0,cleaning,bl1,976.502105474472,robot_5,929.9672434329987
test_10_20_t_cleaning_i0_bl1,10,20,0,cleaning,bl1,976.502105474472,robot_6,976.502105474472
test_10_20_t_cleaning_i0_bl1,10,20,0,cleaning,bl1,976.502105474472,robot_7,956.9641010761261
test_10_20_t_cleaning_i0_bl1,10,20,0,cleaning,bl1,976.502105474472,robot_8,976.502105474472
test_10_20_t_cleaning_i0_bl1,10,20,0,cleaning,bl1,976.502105474472,robot_9,964.501216173172
test_10_20_t_cleaning_i0_bl1,10,20,0,cleaning,bl1,976.502105474472,robot_10,976.502105474472
test_2_2_t_cleaning_i2_multi3,2,2,2,cleaning,multi3,55.50215673446655,robot_1,3.012716293334961
test_2_2_t_cleaning_i2_multi3,2,2,2,cleaning,multi3,55.50215673446655,robot_2,17.993521451950073
test_5_2_t_cleaning_i2_bl2,5,2,2,cleaning,bl2,91.50201725959778,robot_1,70.50225734710693
test_5_2_t_cleaning_i2_bl2,5,2,2,cleaning,bl2,91.50201725959778,robot_2,91.50201725959778
test_5_2_t_cleaning_i2_bl2,5,2,2,cleaning,bl2,91.50201725959778,robot_3,82.50363039970398
test_5_2_t_cleaning_i2_bl2,5,2,2,cleaning,bl2,91.50201725959778,robot_4,46.46157479286194
test_5_2_t_cleaning_i2_bl2,5,2,2,cleaning,bl2,91.50201725959778,robot_5,71.98166251182556
test_5_10_t_surveillance_i1_bl2,5,10,1,surveillance,bl2,435.0217206478119,robot_1,131.785560131073
test_5_10_t_surveillance_i1_bl2,5,10,1,surveillance,bl2,435.0217206478119,robot_2,417.021919965744
test_5_10_t_surveillance_i1_bl2,5,10,1,surveillance,bl2,435.0217206478119,robot_3,331.3057155609131
test_5_10_t_surveillance_i1_bl2,5,10,1,surveillance,bl2,435.0217206478119,robot_4,413.98408913612366
test_5_10_t_surveillance_i1_bl2,5,10,1,surveillance,bl2,435.0217206478119,robot_5,435.0217206478119
test_5_20_t_agriculture_i1_bl2,5,20,1,agriculture,bl2,916.5022068023682,robot_1,203.62704467773438
test_5_20_t_agriculture_i1_bl2,5,20,1,agriculture,bl2,916.5022068023682,robot_2,730.1470248699188
test_5_20_t_agriculture_i1_bl2,5,20,1,agriculture,bl2,916.5022068023682,robot_3,902.982085943222
test_5_20_t_agriculture_i1_bl2,5,20,1,agriculture,bl2,916.5022068023682,robot_4,908.9823784828186
test_5_20_t_agriculture_i1_bl2,5,20,1,agriculture,bl2,916.5022068023682,robot_5,905.9825839996338
test_5_10_t_cleaning_i2_bl0,5,10,2,cleaning,bl0,535.5020492076874,robot_1,218.8339216709137
test_5_10_t_cleaning_i2_bl0,5,10,2,cleaning,bl0,535.5020492076874,robot_2,388.34465646743774
test_5_10_t_cleaning_i2_bl0,5,10,2,cleaning,bl0,535.5020492076874,robot_3,511.5164656639099
test_5_10_t_cleaning_i2_bl0,5,10,2,cleaning,bl0,535.5020492076874,robot_4,514.4898526668549
test_5_10_t_cleaning_i2_bl0,5,10,2,cleaning,bl0,535.5020492076874,robot_5,500.9841499328613
test_10_10_t_cleaning_i1_bl1,10,10,1,cleaning,bl1,451.50205159187317,robot_1,193.20458388328552
test_10_10_t_cleaning_i1_bl1,10,10,1,cleaning,bl1,451.50205159187317,robot_2,298.2041482925415
test_10_10_t_cleaning_i1_bl1,10,10,1,cleaning,bl1,451.50205159187317,robot_3,442.50246596336365
test_10_10_t_cleaning_i1_bl1,10,10,1,cleaning,bl1,451.50205159187317,robot_4,451.50205159187317
test_10_10_t_cleaning_i1_bl1,10,10,1,cleaning,bl1,451.50205159187317,robot_5,439.50110507011414
test_10_10_t_cleaning_i1_bl1,10,10,1,cleaning,bl1,451.50205159187317,robot_6,434.96373295783997
test_10_10_t_cleaning_i1_bl1,10,10,1,cleaning,bl1,451.50205159187317,robot_7,451.50205159187317
test_10_10_t_cleaning_i1_bl1,10,10,1,cleaning,bl1,451.50205159187317,robot_8,451.50205159187317
test_10_10_t_cleaning_i1_bl1,10,10,1,cleaning,bl1,451.50205159187317,robot_9,451.50205159187317
test_10_10_t_cleaning_i1_bl1,10,10,1,cleaning,bl1,451.50205159187317,robot_10,441.04260063171387
test_2_20_t_cleaning_i0_multi3,2,20,0,cleaning,multi3,573.010856628418,robot_1,18.010348081588745
test_2_20_t_cleaning_i0_multi3,2,20,0,cleaning,multi3,573.010856628418,robot_2,15.010687351226807
test_2_2_t_surveillance_i1_bl2,2,2,1,surveillance,bl2,93.0106565952301,robot_1,43.485963344573975
test_2_2_t_surveillance_i1_bl2,2,2,1,surveillance,bl2,93.0106565952301,robot_2,47.97907280921936
test_10_2_t_agriculture_i0_bl0,10,2,0,agriculture,bl0,129.0386164188385,robot_1,55.46820378303528
test_10_2_t_agriculture_i0_bl0,10,2,0,agriculture,bl0,129.0386164188385,robot_2,100.50639319419861
test_10_2_t_agriculture_i0_bl0,10,2,0,agriculture,bl0,129.0386164188385,robot_3,129.0386164188385
test_10_2_t_agriculture_i0_bl0,10,2,0,agriculture,bl0,129.0386164188385,robot_4,129.0386164188385
test_10_2_t_agriculture_i0_bl0,10,2,0,agriculture,bl0,129.0386164188385,robot_5,95.96621918678284
test_10_2_t_agriculture_i0_bl0,10,2,0,agriculture,bl0,129.0386164188385,robot_6,129.0386164188385
test_10_2_t_agriculture_i0_bl0,10,2,0,agriculture,bl0,129.0386164188385,robot_7,129.0386164188385
test_10_2_t_agriculture_i0_bl0,10,2,0,agriculture,bl0,129.0386164188385,robot_8,129.0386164188385
test_10_2_t_agriculture_i0_bl0,10,2,0,agriculture,bl0,129.0386164188385,robot_9,129.0386164188385
test_10_2_t_agriculture_i0_bl0,10,2,0,agriculture,bl0,129.0386164188385,robot_10,129.0386164188385
test_10_2_t_surveillance_i2_bl2,10,2,2,surveillance,bl2,124.502023935318,robot_1,124.502023935318
test_10_2_t_surveillance_i2_bl2,10,2,2,surveillance,bl2,124.502023935318,robot_2,53.89384460449219
test_10_2_t_surveillance_i2_bl2,10,2,2,surveillance,bl2,124.502023935318,robot_3,98.96323204040527
test_10_2_t_surveillance_i2_bl2,10,2,2,surveillance,bl2,124.502023935318,robot_4,124.502023935318
test_10_2_t_surveillance_i2_bl2,10,2,2,surveillance,bl2,124.502023935318,robot_5,124.502023935318
test_10_2_t_surveillance_i2_bl2,10,2,2,surveillance,bl2,124.502023935318,robot_6,118.50058054924011
test_10_2_t_surveillance_i2_bl2,10,2,2,surveillance,bl2,124.502023935318,robot_7,124.502023935318
test_10_2_t_surveillance_i2_bl2,10,2,2,surveillance,bl2,124.502023935318,robot_8,106.50186204910278
test_10_2_t_surveillance_i2_bl2,10,2,2,surveillance,bl2,124.502023935318,robot_9,109.50343060493469
test_10_2_t_surveillance_i2_bl2,10,2,2,surveillance,bl2,124.502023935318,robot_10,124.502023935318
test_5_10_t_logistics_i0_multi3,5,10,0,logistics,multi3,376.50202655792236,robot_1,187.38151335716248
test_5_10_t_logistics_i0_multi3,5,10,0,logistics,multi3,376.50202655792236,robot_2,307.5028467178345
test_5_10_t_logistics_i0_multi3,5,10,0,logistics,multi3,376.50202655792236,robot_3,137.9024956226349
test_5_10_t_logistics_i0_multi3,5,10,0,logistics,multi3,376.50202655792236,robot_4,289.49496483802795
test_5_10_t_logistics_i0_multi3,5,10,0,logistics,multi3,376.50202655792236,robot_5,266.9520215988159
test_5_10_t_cleaning_i0_multi3,5,10,0,cleaning,multi3,127.50201082229614,robot_1,40.50057101249695
test_5_10_t_cleaning_i0_multi3,5,10,0,cleaning,multi3,127.50201082229614,robot_2,10.516772747039795
test_5_10_t_cleaning_i0_multi3,5,10,0,cleaning,multi3,127.50201082229614,robot_3,25.503895044326782
test_5_10_t_cleaning_i0_multi3,5,10,0,cleaning,multi3,127.50201082229614,robot_4,31.502453565597534
test_5_10_t_cleaning_i0_multi3,5,10,0,cleaning,multi3,127.50201082229614,robot_5,82.50329637527466
test_10_2_t_agriculture_i0_bl1,10,2,0,agriculture,bl1,132.03969836235046,robot_1,73.45303654670715
test_10_2_t_agriculture_i0_bl1,10,2,0,agriculture,bl1,132.03969836235046,robot_2,103.50137495994568
test_10_2_t_agriculture_i0_bl1,10,2,0,agriculture,bl1,132.03969836235046,robot_3,132.03969836235046
test_10_2_t_agriculture_i0_bl1,10,2,0,agriculture,bl1,132.03969836235046,robot_4,115.50250387191772
test_10_2_t_agriculture_i0_bl1,10,2,0,agriculture,bl1,132.03969836235046,robot_5,101.97274851799011
test_10_2_t_agriculture_i0_bl1,10,2,0,agriculture,bl1,132.03969836235046,robot_6,132.03969836235046
test_10_2_t_agriculture_i0_bl1,10,2,0,agriculture,bl1,132.03969836235046,robot_7,132.03969836235046
test_10_2_t_agriculture_i0_bl1,10,2,0,agriculture,bl1,132.03969836235046,robot_8,123.03279089927673
test_10_2_t_agriculture_i0_bl1,10,2,0,agriculture,bl1,132.03969836235046,robot_9,132.03969836235046
test_10_2_t_agriculture_i0_bl1,10,2,0,agriculture,bl1,132.03969836235046,robot_10,132.03969836235046
test_10_10_t_cleaning_i1_bl0,10,10,1,cleaning,bl0,456.0170302391052,robot_1,197.74576020240784
test_10_10_t_cleaning_i1_bl0,10,10,1,cleaning,bl0,456.0170302391052,robot_2,280.1912291049957
test_10_10_t_cleaning_i1_bl0,10,10,1,cleaning,bl0,456.0170302391052,robot_3,456.0170302391052
test_10_10_t_cleaning_i1_bl0,10,10,1,cleaning,bl0,456.0170302391052,robot_4,456.0170302391052
test_10_10_t_cleaning_i1_bl0,10,10,1,cleaning,bl0,456.0170302391052,robot_5,445.48664569854736
test_10_10_t_cleaning_i1_bl0,10,10,1,cleaning,bl0,456.0170302391052,robot_6,456.0170302391052
test_10_10_t_cleaning_i1_bl0,10,10,1,cleaning,bl0,456.0170302391052,robot_7,456.0170302391052
test_10_10_t_cleaning_i1_bl0,10,10,1,cleaning,bl0,456.0170302391052,robot_8,445.48013520240784
test_10_10_t_cleaning_i1_bl0,10,10,1,cleaning,bl0,456.0170302391052,robot_9,456.0170302391052
test_10_10_t_cleaning_i1_bl0,10,10,1,cleaning,bl0,456.0170302391052,robot_10,445.5028040409088
test_5_10_t_cleaning_i2_bl1,5,10,2,cleaning,bl1,526.5020711421967,robot_1,244.3466238975525
test_5_10_t_cleaning_i2_bl1,5,10,2,cleaning,bl1,526.5020711421967,robot_2,344.8250780105591
test_5_10_t_cleaning_i2_bl1,5,10,2,cleaning,bl1,526.5020711421967,robot_3,509.98196935653687
test_5_10_t_cleaning_i2_bl1,5,10,2,cleaning,bl1,526.5020711421967,robot_4,505.50165581703186
test_5_10_t_cleaning_i2_bl1,5,10,2,cleaning,bl1,526.5020711421967,robot_5,493.50415802001953
test_10_10_t_agriculture_i2_bl2,10,10,2,agriculture,bl2,432.040100812912,robot_1,49.499844789505005
test_10_10_t_agriculture_i2_bl2,10,10,2,agriculture,bl2,432.040100812912,robot_2,407.9643437862396
test_10_10_t_agriculture_i2_bl2,10,10,2,agriculture,bl2,432.040100812912,robot_3,432.040100812912
test_10_10_t_agriculture_i2_bl2,10,10,2,agriculture,bl2,432.040100812912,robot_4,432.040100812912
test_10_10_t_agriculture_i2_bl2,10,10,2,agriculture,bl2,432.040100812912,robot_5,402.0407042503357
test_10_10_t_agriculture_i2_bl2,10,10,2,agriculture,bl2,432.040100812912,robot_6,432.040100812912
test_10_10_t_agriculture_i2_bl2,10,10,2,agriculture,bl2,432.040100812912,robot_7,432.040100812912
test_10_10_t_agriculture_i2_bl2,10,10,2,agriculture,bl2,432.040100812912,robot_8,429.0414950847626
test_10_10_t_agriculture_i2_bl2,10,10,2,agriculture,bl2,432.040100812912,robot_9,432.040100812912
test_10_10_t_agriculture_i2_bl2,10,10,2,agriculture,bl2,432.040100812912,robot_10,432.040100812912
test_5_2_t_logistics_i2_bl2,5,2,2,logistics,bl2,135.02260375022888,robot_1,98.98297262191772
test_5_2_t_logistics_i2_bl2,5,2,2,logistics,bl2,135.02260375022888,robot_2,107.98055219650269
test_5_2_t_logistics_i2_bl2,5,2,2,logistics,bl2,135.02260375022888,robot_3,103.50249028205872
test_5_2_t_logistics_i2_bl2,5,2,2,logistics,bl2,135.02260375022888,robot_4,124.51631927490234
test_5_2_t_logistics_i2_bl2,5,2,2,logistics,bl2,135.02260375022888,robot_5,100.50168132781982
test_2_2_t_cleaning_i1_bl2,2,2,1,cleaning,bl2,109.50203323364258,robot_1,70.50091338157654
test_2_2_t_cleaning_i1_bl2,2,2,1,cleaning,bl2,109.50203323364258,robot_2,37.50371599197388
test_2_20_t_surveillance_i0_bl1,2,20,0,surveillance,bl1,814.5021798610687,robot_1,47.97707557678223
test_2_20_t_surveillance_i0_bl1,2,20,0,surveillance,bl1,814.5021798610687,robot_2,764.9794607162476
test_10_20_t_surveillance_i2_bl2,10,20,2,surveillance,bl2,849.0389831066132,robot_1,456.17517495155334
test_10_20_t_surveillance_i2_bl2,10,20,2,surveillance,bl2,849.0389831066132,robot_2,674.3845465183258
test_10_20_t_surveillance_i2_bl2,10,20,2,surveillance,bl2,849.0389831066132,robot_3,551.309189081192
test_10_20_t_surveillance_i2_bl2,10,20,2,surveillance,bl2,849.0389831066132,robot_4,849.0389831066132
test_10_20_t_surveillance_i2_bl2,10,20,2,surveillance,bl2,849.0389831066132,robot_5,843.0390055179596
test_10_20_t_surveillance_i2_bl2,10,20,2,surveillance,bl2,849.0389831066132,robot_6,849.0389831066132
test_10_20_t_surveillance_i2_bl2,10,20,2,surveillance,bl2,849.0389831066132,robot_7,849.0389831066132
test_10_20_t_surveillance_i2_bl2,10,20,2,surveillance,bl2,849.0389831066132,robot_8,838.5002839565277
test_10_20_t_surveillance_i2_bl2,10,20,2,surveillance,bl2,849.0389831066132,robot_9,834.0258100032806
test_10_20_t_surveillance_i2_bl2,10,20,2,surveillance,bl2,849.0389831066132,robot_10,849.0389831066132
test_10_20_t_cleaning_i0_bl0,10,20,0,cleaning,bl0,987.040777683258,robot_1,411.8403944969177
test_10_20_t_cleaning_i0_bl0,10,20,0,cleaning,bl0,987.040777683258,robot_2,632.3599562644958
test_10_20_t_cleaning_i0_bl0,10,20,0,cleaning,bl0,987.040777683258,robot_3,987.040777683258
test_10_20_t_cleaning_i0_bl0,10,20,0,cleaning,bl0,987.040777683258,robot_4,944.9646768569946
test_10_20_t_cleaning_i0_bl0,10,20,0,cleaning,bl0,987.040777683258,robot_5,987.040777683258
test_10_20_t_cleaning_i0_bl0,10,20,0,cleaning,bl0,987.040777683258,robot_6,987.040777683258
test_10_20_t_cleaning_i0_bl0,10,20,0,cleaning,bl0,987.040777683258,robot_7,987.040777683258
test_10_20_t_cleaning_i0_bl0,10,20,0,cleaning,bl0,987.040777683258,robot_8,987.040777683258
test_10_20_t_cleaning_i0_bl0,10,20,0,cleaning,bl0,987.040777683258,robot_9,967.5028827190399
test_10_20_t_cleaning_i0_bl0,10,20,0,cleaning,bl0,987.040777683258,robot_10,966.0390818119049
test_2_2_t_logistics_i0_multi3,2,2,0,logistics,multi3,118.50202560424805,robot_1,52.48726844787598
test_2_2_t_logistics_i0_multi3,2,2,0,logistics,multi3,118.50202560424805,robot_2,31.502254247665405
test_2_10_t_agriculture_i1_bl2,2,10,1,agriculture,bl2,451.5021369457245,robot_1,145.40151858329773
test_2_10_t_agriculture_i1_bl2,2,10,1,agriculture,bl2,451.5021369457245,robot_2,298.3997528553009
test_5_2_t_surveillance_i1_multi3,5,2,1,surveillance,multi3,88.50191068649292,robot_1,45.02325654029846
test_5_2_t_surveillance_i1_multi3,5,2,1,surveillance,multi3,88.50191068649292,robot_2,77.98187518119812
test_5_2_t_surveillance_i1_multi3,5,2,1,surveillance,multi3,88.50191068649292,robot_3,38.98294639587402
test_5_2_t_surveillance_i1_multi3,5,2,1,surveillance,multi3,88.50191068649292,robot_4,71.98298668861389
test_5_2_t_surveillance_i1_multi3,5,2,1,surveillance,multi3,88.50191068649292,robot_5,82.50180125236511
test_10_20_t_cleaning_i1_bl1,10,20,1,cleaning,bl1,982.5020780563354,robot_1,390.8425064086914
test_10_20_t_cleaning_i1_bl1,10,20,1,cleaning,bl1,982.5020780563354,robot_2,648.8366410732269
test_10_20_t_cleaning_i1_bl1,10,20,1,cleaning,bl1,982.5020780563354,robot_3,982.5020780563354
test_10_20_t_cleaning_i1_bl1,10,20,1,cleaning,bl1,982.5020780563354,robot_4,982.5020780563354
test_10_20_t_cleaning_i1_bl1,10,20,1,cleaning,bl1,982.5020780563354,robot_5,982.5020780563354
test_10_20_t_cleaning_i1_bl1,10,20,1,cleaning,bl1,982.5020780563354,robot_6,952.4889223575592
test_10_20_t_cleaning_i1_bl1,10,20,1,cleaning,bl1,982.5020780563354,robot_7,938.9766719341278
test_10_20_t_cleaning_i1_bl1,10,20,1,cleaning,bl1,982.5020780563354,robot_8,982.5020780563354
test_10_20_t_cleaning_i1_bl1,10,20,1,cleaning,bl1,982.5020780563354,robot_9,982.5020780563354
test_10_20_t_cleaning_i1_bl1,10,20,1,cleaning,bl1,982.5020780563354,robot_10,982.5020780563354
test_2_20_t_surveillance_i1_bl0,2,20,1,surveillance,bl0,762.0108659267426,robot_1,86.97750353813171
test_2_20_t_surveillance_i1_bl0,2,20,1,surveillance,bl0,762.0108659267426,robot_2,671.9762582778931
test_5_20_t_agriculture_i0_bl2,5,20,0,agriculture,bl2,898.5021018981934,robot_1,336.73142194747925
test_5_20_t_agriculture_i0_bl2,5,20,0,agriculture,bl2,898.5021018981934,robot_2,542.2996344566345
test_5_20_t_agriculture_i0_bl2,5,20,0,agriculture,bl2,898.5021018981934,robot_3,884.9817681312561
test_5_20_t_agriculture_i0_bl2,5,20,0,agriculture,bl2,898.5021018981934,robot_4,898.5021018981934
test_5_20_t_agriculture_i0_bl2,5,20,0,agriculture,bl2,898.5021018981934,robot_5,877.504109621048
test_5_10_t_surveillance_i0_bl2,5,10,0,surveillance,bl2,469.50209951400757,robot_1,143.74572587013245
test_5_10_t_surveillance_i0_bl2,5,10,0,surveillance,bl2,469.50209951400757,robot_2,349.2650713920593
test_5_10_t_surveillance_i0_bl2,5,10,0,surveillance,bl2,469.50209951400757,robot_3,469.50209951400757
test_5_10_t_surveillance_i0_bl2,5,10,0,surveillance,bl2,469.50209951400757,robot_4,469.50209951400757
test_5_10_t_surveillance_i0_bl2,5,10,0,surveillance,bl2,469.50209951400757,robot_5,436.462363243103
test_10_2_t_logistics_i0_bl2,10,2,0,logistics,bl2,97.50203728675842,robot_1,64.42699933052063
test_10_2_t_logistics_i0_bl2,10,2,0,logistics,bl2,97.50203728675842,robot_2,86.96372556686401
test_10_2_t_logistics_i0_bl2,10,2,0,logistics,bl2,97.50203728675842,robot_3,97.50203728675842
test_10_2_t_logistics_i0_bl2,10,2,0,logistics,bl2,97.50203728675842,robot_4,87.0438027381897
test_10_2_t_logistics_i0_bl2,10,2,0,logistics,bl2,97.50203728675842,robot_5,83.96388792991638
test_10_2_t_logistics_i0_bl2,10,2,0,logistics,bl2,97.50203728675842,robot_6,64.5021550655365
test_10_2_t_logistics_i0_bl2,10,2,0,logistics,bl2,97.50203728675842,robot_7,97.50203728675842
test_10_2_t_logistics_i0_bl2,10,2,0,logistics,bl2,97.50203728675842,robot_8,97.50203728675842
test_10_2_t_logistics_i0_bl2,10,2,0,logistics,bl2,97.50203728675842,robot_9,97.50203728675842
test_10_2_t_logistics_i0_bl2,10,2,0,logistics,bl2,97.50203728675842,robot_10,97.50203728675842
test_10_2_t_surveillance_i0_multi3,10,2,0,surveillance,multi3,93.04038786888123,robot_1,78.0392541885376
test_10_2_t_surveillance_i0_multi3,10,2,0,surveillance,multi3,93.04038786888123,robot_2,32.963645219802856
test_10_2_t_surveillance_i0_multi3,10,2,0,surveillance,multi3,93.04038786888123,robot_3,93.04038786888123
test_10_2_t_surveillance_i0_multi3,10,2,0,surveillance,multi3,93.04038786888123,robot_4,93.04038786888123
test_10_2_t_surveillance_i0_multi3,10,2,0,surveillance,multi3,93.04038786888123,robot_5,67.5021915435791
test_10_2_t_surveillance_i0_multi3,10,2,0,surveillance,multi3,93.04038786888123,robot_6,56.964515686035156
test_10_2_t_surveillance_i0_multi3,10,2,0,surveillance,multi3,93.04038786888123,robot_7,93.04038786888123
test_10_2_t_surveillance_i0_multi3,10,2,0,surveillance,multi3,93.04038786888123,robot_8,93.04038786888123
test_10_2_t_surveillance_i0_multi3,10,2,0,surveillance,multi3,93.04038786888123,robot_9,93.04038786888123
test_10_2_t_surveillance_i0_multi3,10,2,0,surveillance,multi3,93.04038786888123,robot_10,93.04038786888123
test_5_20_t_cleaning_i2_bl0,5,20,2,cleaning,bl0,949.5021374225616,robot_1,406.1980028152466
test_5_20_t_cleaning_i2_bl0,5,20,2,cleaning,bl0,949.5021374225616,robot_2,629.622328042984
test_5_20_t_cleaning_i2_bl0,5,20,2,cleaning,bl0,949.5021374225616,robot_3,886.4640493392944
test_5_20_t_cleaning_i2_bl0,5,20,2,cleaning,bl0,949.5021374225616,robot_4,934.5020837783813
test_5_20_t_cleaning_i2_bl0,5,20,2,cleaning,bl0,949.5021374225616,robot_5,926.9825439453125
test_10_10_t_surveillance_i2_multi3,10,10,2,surveillance,multi3,223.5021414756775,robot_1,103.20935416221619
test_10_10_t_surveillance_i2_multi3,10,10,2,surveillance,multi3,223.5021414756775,robot_2,166.5034303665161
test_10_10_t_surveillance_i2_multi3,10,10,2,surveillance,multi3,223.5021414756775,robot_3,61.365097522735596
test_10_10_t_surveillance_i2_multi3,10,10,2,surveillance,multi3,223.5021414756775,robot_4,197.96394515037537
test_10_10_t_surveillance_i2_multi3,10,10,2,surveillance,multi3,223.5021414756775,robot_5,208.50451612472534
test_10_10_t_surveillance_i2_multi3,10,10,2,surveillance,multi3,223.5021414756775,robot_6,173.9639027118683
test_10_10_t_surveillance_i2_multi3,10,10,2,surveillance,multi3,223.5021414756775,robot_7,184.43043327331543
test_10_10_t_surveillance_i2_multi3,10,10,2,surveillance,multi3,223.5021414756775,robot_8,193.42796850204468
test_10_10_t_surveillance_i2_multi3,10,10,2,surveillance,multi3,223.5021414756775,robot_9,223.5021414756775
test_10_10_t_surveillance_i2_multi3,10,10,2,surveillance,multi3,223.5021414756775,robot_10,202.50353026390076
test_5_2_t_agriculture_i1_multi3,5,2,1,agriculture,multi3,76.50127673149109,robot_1,37.50164079666138
test_5_2_t_agriculture_i1_multi3,5,2,1,agriculture,multi3,76.50127673149109,robot_2,28.464855194091797
test_5_2_t_agriculture_i1_multi3,5,2,1,agriculture,multi3,76.50127673149109,robot_3,59.981383085250854
test_5_2_t_agriculture_i1_multi3,5,2,1,agriculture,multi3,76.50127673149109,robot_4,61.501418352127075
test_5_2_t_agriculture_i1_multi3,5,2,1,agriculture,multi3,76.50127673149109,robot_5,56.98377227783203
test_10_2_t_agriculture_i1_bl0,10,2,1,agriculture,bl0,123.04020309448242,robot_1,106.50663995742798
test_10_2_t_agriculture_i1_bl0,10,2,1,agriculture,bl0,123.04020309448242,robot_2,103.49876308441162
test_10_2_t_agriculture_i1_bl0,10,2,1,agriculture,bl0,123.04020309448242,robot_3,100.5055046081543
test_10_2_t_agriculture_i1_bl0,10,2,1,agriculture,bl0,123.04020309448242,robot_4,114.04238152503967
test_10_2_t_agriculture_i1_bl0,10,2,1,agriculture,bl0,123.04020309448242,robot_5,95.97117042541504
test_10_2_t_agriculture_i1_bl0,10,2,1,agriculture,bl0,123.04020309448242,robot_6,123.04020309448242
test_10_2_t_agriculture_i1_bl0,10,2,1,agriculture,bl0,123.04020309448242,robot_7,123.04020309448242
test_10_2_t_agriculture_i1_bl0,10,2,1,agriculture,bl0,123.04020309448242,robot_8,95.9697277545929
test_10_2_t_agriculture_i1_bl0,10,2,1,agriculture,bl0,123.04020309448242,robot_9,123.04020309448242
test_10_2_t_agriculture_i1_bl0,10,2,1,agriculture,bl0,123.04020309448242,robot_10,117.04477167129517
test_2_2_t_surveillance_i0_bl2,2,2,0,surveillance,bl2,99.01086759567261,robot_1,53.97291159629822
test_2_2_t_surveillance_i0_bl2,2,2,0,surveillance,bl2,99.01086759567261,robot_2,43.485129594802856
test_10_10_t_cleaning_i0_bl1,10,10,0,cleaning,bl1,489.03980922698975,robot_1,193.24181652069092
test_10_10_t_cleaning_i0_bl1,10,10,0,cleaning,bl1,489.03980922698975,robot_2,323.7402560710907
test_10_10_t_cleaning_i0_bl1,10,10,0,cleaning,bl1,489.03980922698975,robot_3,489.03980922698975
test_10_10_t_cleaning_i0_bl1,10,10,0,cleaning,bl1,489.03980922698975,robot_4,489.03980922698975
test_10_10_t_cleaning_i0_bl1,10,10,0,cleaning,bl1,489.03980922698975,robot_5,489.03980922698975
test_10_10_t_cleaning_i0_bl1,10,10,0,cleaning,bl1,489.03980922698975,robot_6,489.03980922698975
test_10_10_t_cleaning_i0_bl1,10,10,0,cleaning,bl1,489.03980922698975,robot_7,469.50284695625305
test_10_10_t_cleaning_i0_bl1,10,10,0,cleaning,bl1,489.03980922698975,robot_8,469.5016689300537
test_10_10_t_cleaning_i0_bl1,10,10,0,cleaning,bl1,489.03980922698975,robot_9,489.03980922698975
test_10_10_t_cleaning_i0_bl1,10,10,0,cleaning,bl1,489.03980922698975,robot_10,489.03980922698975
test_10_10_t_cleaning_i0_bl0,10,10,0,cleaning,bl0,487.50214099884033,robot_1,232.2033166885376
test_10_10_t_cleaning_i0_bl0,10,10,0,cleaning,bl0,487.50214099884033,robot_2,325.20280623435974
test_10_10_t_cleaning_i0_bl0,10,10,0,cleaning,bl0,487.50214099884033,robot_3,487.50214099884033
test_10_10_t_cleaning_i0_bl0,10,10,0,cleaning,bl0,487.50214099884033,robot_4,487.50214099884033
test_10_10_t_cleaning_i0_bl0,10,10,0,cleaning,bl0,487.50214099884033,robot_5,487.50214099884033
test_10_10_t_cleaning_i0_bl0,10,10,0,cleaning,bl0,487.50214099884033,robot_6,465.0412492752075
test_10_10_t_cleaning_i0_bl0,10,10,0,cleaning,bl0,487.50214099884033,robot_7,469.50073170661926
test_10_10_t_cleaning_i0_bl0,10,10,0,cleaning,bl0,487.50214099884033,robot_8,469.5025713443756
test_10_10_t_cleaning_i0_bl0,10,10,0,cleaning,bl0,487.50214099884033,robot_9,467.963760137558
test_10_10_t_cleaning_i0_bl0,10,10,0,cleaning,bl0,487.50214099884033,robot_10,487.50214099884033
test_10_20_t_surveillance_i1_multi3,10,20,1,surveillance,multi3,495.04013109207153,robot_1,280.1486701965332
test_10_20_t_surveillance_i1_multi3,10,20,1,surveillance,multi3,495.04013109207153,robot_2,474.0418791770935
test_10_20_t_surveillance_i1_multi3,10,20,1,surveillance,multi3,495.04013109207153,robot_3,399.042605638504
test_10_20_t_surveillance_i1_multi3,10,20,1,surveillance,multi3,495.04013109207153,robot_4,495.04013109207153
test_10_20_t_surveillance_i1_multi3,10,20,1,surveillance,multi3,495.04013109207153,robot_5,441.0420289039612
test_10_20_t_surveillance_i1_multi3,10,20,1,surveillance,multi3,495.04013109207153,robot_6,402.04282116889954
test_10_20_t_surveillance_i1_multi3,10,20,1,surveillance,multi3,495.04013109207153,robot_7,405.04091906547546
test_10_20_t_surveillance_i1_multi3,10,20,1,surveillance,multi3,495.04013109207153,robot_8,384.04095244407654
test_10_20_t_surveillance_i1_multi3,10,20,1,surveillance,multi3,495.04013109207153,robot_9,495.04013109207153
test_10_20_t_surveillance_i1_multi3,10,20,1,surveillance,multi3,495.04013109207153,robot_10,185.5862021446228
test_10_2_t_agriculture_i2_multi3,10,2,2,agriculture,multi3,79.50193285942078,robot_1,79.50193285942078
test_10_2_t_agriculture_i2_multi3,10,2,2,agriculture,multi3,79.50193285942078,robot_2,62.960952043533325
test_10_2_t_agriculture_i2_multi3,10,2,2,agriculture,multi3,79.50193285942078,robot_3,51.04329323768616
test_10_2_t_agriculture_i2_multi3,10,2,2,agriculture,multi3,79.50193285942078,robot_4,41.96186184883118
test_10_2_t_agriculture_i2_multi3,10,2,2,agriculture,multi3,79.50193285942078,robot_5,43.427743673324585
test_10_2_t_agriculture_i2_multi3,10,2,2,agriculture,multi3,79.50193285942078,robot_6,65.96467399597168
test_10_2_t_agriculture_i2_multi3,10,2,2,agriculture,multi3,79.50193285942078,robot_7,79.50193285942078
test_10_2_t_agriculture_i2_multi3,10,2,2,agriculture,multi3,79.50193285942078,robot_8,79.50193285942078
test_10_2_t_agriculture_i2_multi3,10,2,2,agriculture,multi3,79.50193285942078,robot_9,79.50193285942078
test_10_2_t_agriculture_i2_multi3,10,2,2,agriculture,multi3,79.50193285942078,robot_10,68.96423101425171
test_10_2_t_agriculture_i1_bl1,10,2,1,agriculture,bl1,121.50146889686584,robot_1,107.97600173950195
test_10_2_t_agriculture_i1_bl1,10,2,1,agriculture,bl1,121.50146889686584,robot_2,101.94989442825317
test_10_2_t_agriculture_i1_bl1,10,2,1,agriculture,bl1,121.50146889686584,robot_3,77.88849449157715
test_10_2_t_agriculture_i1_bl1,10,2,1,agriculture,bl1,121.50146889686584,robot_4,121.50146889686584
test_10_2_t_agriculture_i1_bl1,10,2,1,agriculture,bl1,121.50146889686584,robot_5,94.42515182495117
test_10_2_t_agriculture_i1_bl1,10,2,1,agriculture,bl1,121.50146889686584,robot_6,121.50146889686584
test_10_2_t_agriculture_i1_bl1,10,2,1,agriculture,bl1,121.50146889686584,robot_7,121.50146889686584
test_10_2_t_agriculture_i1_bl1,10,2,1,agriculture,bl1,121.50146889686584,robot_8,107.96435856819153
test_10_2_t_agriculture_i1_bl1,10,2,1,agriculture,bl1,121.50146889686584,robot_9,121.50146889686584
test_10_2_t_agriculture_i1_bl1,10,2,1,agriculture,bl1,121.50146889686584,robot_10,112.50379085540771
test_5_20_t_cleaning_i2_bl1,5,20,2,cleaning,bl1,958.5021820068359,robot_1,385.1637074947357
test_5_20_t_cleaning_i2_bl1,5,20,2,cleaning,bl1,958.5021820068359,robot_2,661.149462223053
test_5_20_t_cleaning_i2_bl1,5,20,2,cleaning,bl1,958.5021820068359,robot_3,856.4649658203125
test_5_20_t_cleaning_i2_bl1,5,20,2,cleaning,bl1,958.5021820068359,robot_4,958.5021820068359
test_5_20_t_cleaning_i2_bl1,5,20,2,cleaning,bl1,958.5021820068359,robot_5,958.5021820068359
test_5_2_t_cleaning_i2_multi3,5,2,2,cleaning,multi3,52.5020592212677,robot_1,52.5020592212677
test_5_2_t_cleaning_i2_multi3,5,2,2,cleaning,multi3,52.5020592212677,robot_2,41.981828689575195
test_5_2_t_cleaning_i2_multi3,5,2,2,cleaning,multi3,52.5020592212677,robot_3,26.981848001480103
test_5_2_t_cleaning_i2_multi3,5,2,2,cleaning,multi3,52.5020592212677,robot_4,31.502450466156006
test_5_2_t_cleaning_i2_multi3,5,2,2,cleaning,multi3,52.5020592212677,robot_5,17.983707427978516
test_2_10_t_agriculture_i0_bl2,2,10,0,agriculture,bl2,481.50199341773987,robot_1,173.8576877117157
test_2_10_t_agriculture_i0_bl2,2,10,0,agriculture,bl2,481.50199341773987,robot_2,278.861478805542
test_10_20_t_cleaning_i1_bl0,10,20,1,cleaning,bl0,997.5020887851715,robot_1,413.30163383483887
test_10_20_t_cleaning_i1_bl0,10,20,1,cleaning,bl0,997.5020887851715,robot_2,632.332633972168
test_10_20_t_cleaning_i1_bl0,10,20,1,cleaning,bl0,997.5020887851715,robot_3,983.9698045253754
test_10_20_t_cleaning_i1_bl0,10,20,1,cleaning,bl0,997.5020887851715,robot_4,997.5020887851715
test_10_20_t_cleaning_i1_bl0,10,20,1,cleaning,bl0,997.5020887851715,robot_5,979.5038878917694
test_10_20_t_cleaning_i1_bl0,10,20,1,cleaning,bl0,997.5020887851715,robot_6,997.5020887851715
test_10_20_t_cleaning_i1_bl0,10,20,1,cleaning,bl0,997.5020887851715,robot_7,973.5027403831482
test_10_20_t_cleaning_i1_bl0,10,20,1,cleaning,bl0,997.5020887851715,robot_8,997.5020887851715
test_10_20_t_cleaning_i1_bl0,10,20,1,cleaning,bl0,997.5020887851715,robot_9,997.5020887851715
test_10_20_t_cleaning_i1_bl0,10,20,1,cleaning,bl0,997.5020887851715,robot_10,986.9636089801788
test_2_20_t_surveillance_i1_bl1,2,20,1,surveillance,bl1,756.0107386112213,robot_1,26.993608236312866
test_2_20_t_surveillance_i1_bl1,2,20,1,surveillance,bl1,756.0107386112213,robot_2,733.5024554729462
test_2_2_t_cleaning_i0_bl2,2,2,0,cleaning,bl2,111.01071357727051,robot_1,49.50339221954346
test_2_2_t_cleaning_i0_bl2,2,2,0,cleaning,bl2,111.01071357727051,robot_2,61.50177979469299
test_10_2_t_cleaning_i1_multi3,10,2,1,cleaning,multi3,82.50204420089722,robot_1,58.50368094444275
test_10_2_t_cleaning_i1_multi3,10,2,1,cleaning,multi3,82.50204420089722,robot_2,82.50204420089722
test_10_2_t_cleaning_i1_multi3,10,2,1,cleaning,multi3,82.50204420089722,robot_3,65.963858127594
test_10_2_t_cleaning_i1_multi3,10,2,1,cleaning,multi3,82.50204420089722,robot_4,82.50204420089722
test_10_2_t_cleaning_i1_multi3,10,2,1,cleaning,multi3,82.50204420089722,robot_5,39.04171967506409
test_10_2_t_cleaning_i1_multi3,10,2,1,cleaning,multi3,82.50204420089722,robot_6,82.50204420089722
test_10_2_t_cleaning_i1_multi3,10,2,1,cleaning,multi3,82.50204420089722,robot_7,82.50204420089722
test_10_2_t_cleaning_i1_multi3,10,2,1,cleaning,multi3,82.50204420089722,robot_8,82.50204420089722
test_10_2_t_cleaning_i1_multi3,10,2,1,cleaning,multi3,82.50204420089722,robot_9,82.50204420089722
test_10_2_t_cleaning_i1_multi3,10,2,1,cleaning,multi3,82.50204420089722,robot_10,38.96715259552002
test_2_2_t_cleaning_i0_bl0,2,2,0,cleaning,bl0,112.50206780433655,robot_1,64.48468446731567
test_2_2_t_cleaning_i0_bl0,2,2,0,cleaning,bl0,112.50206780433655,robot_2,44.995723724365234
test_2_10_t_agriculture_i0_bl0,2,10,0,agriculture,bl0,466.5021347999573,robot_1,134.91287302970886
test_2_10_t_agriculture_i0_bl0,2,10,0,agriculture,bl0,466.5021347999573,robot_2,311.9112331867218
test_10_20_t_cleaning_i1_bl2,10,20,1,cleaning,bl2,990.0399181842804,robot_1,404.3052718639374
test_10_20_t_cleaning_i1_bl2,10,20,1,cleaning,bl2,990.0399181842804,robot_2,653.3724775314331
test_10_20_t_cleaning_i1_bl2,10,20,1,cleaning,bl2,990.0399181842804,robot_3,990.0399181842804
test_10_20_t_cleaning_i1_bl2,10,20,1,cleaning,bl2,990.0399181842804,robot_4,949.5019989013672
test_10_20_t_cleaning_i1_bl2,10,20,1,cleaning,bl2,990.0399181842804,robot_5,990.0399181842804
test_10_20_t_cleaning_i1_bl2,10,20,1,cleaning,bl2,990.0399181842804,robot_6,990.0399181842804
test_10_20_t_cleaning_i1_bl2,10,20,1,cleaning,bl2,990.0399181842804,robot_7,967.5016663074493
test_10_20_t_cleaning_i1_bl2,10,20,1,cleaning,bl2,990.0399181842804,robot_8,990.0399181842804
test_10_20_t_cleaning_i1_bl2,10,20,1,cleaning,bl2,990.0399181842804,robot_9,990.0399181842804
test_10_20_t_cleaning_i1_bl2,10,20,1,cleaning,bl2,990.0399181842804,robot_10,964.5028188228607
test_5_20_t_agriculture_i0_bl1,5,20,0,agriculture,bl1,897.022757768631,robot_1,354.755158662796
test_5_20_t_agriculture_i0_bl1,5,20,0,agriculture,bl1,897.022757768631,robot_2,534.8066999912262
test_5_20_t_agriculture_i0_bl1,5,20,0,agriculture,bl1,897.022757768631,robot_3,885.0232019424438
test_5_20_t_agriculture_i0_bl1,5,20,0,agriculture,bl1,897.022757768631,robot_4,882.0231838226318
test_5_20_t_agriculture_i0_bl1,5,20,0,agriculture,bl1,897.022757768631,robot_5,886.5023560523987
test_5_10_t_surveillance_i0_bl1,5,10,0,surveillance,bl1,466.5012240409851,robot_1,146.77788639068604
test_5_10_t_surveillance_i0_bl1,5,10,0,surveillance,bl1,466.5012240409851,robot_2,335.7899742126465
test_5_10_t_surveillance_i0_bl1,5,10,0,surveillance,bl1,466.5012240409851,robot_3,466.5012240409851
test_5_10_t_surveillance_i0_bl1,5,10,0,surveillance,bl1,466.5012240409851,robot_4,466.5012240409851
test_5_10_t_surveillance_i0_bl1,5,10,0,surveillance,bl1,466.5012240409851,robot_5,437.98401927948
test_10_2_t_logistics_i0_bl1,10,2,0,logistics,bl1,100.5020592212677,robot_1,67.42784118652344
test_10_2_t_logistics_i0_bl1,10,2,0,logistics,bl1,100.5020592212677,robot_2,89.96336889266968
test_10_2_t_logistics_i0_bl1,10,2,0,logistics,bl1,100.5020592212677,robot_3,100.5020592212677
test_10_2_t_logistics_i0_bl1,10,2,0,logistics,bl1,100.5020592212677,robot_4,100.5020592212677
test_10_2_t_logistics_i0_bl1,10,2,0,logistics,bl1,100.5020592212677,robot_5,82.42724823951721
test_10_2_t_logistics_i0_bl1,10,2,0,logistics,bl1,100.5020592212677,robot_6,85.50173163414001
test_10_2_t_logistics_i0_bl1,10,2,0,logistics,bl1,100.5020592212677,robot_7,100.5020592212677
test_10_2_t_logistics_i0_bl1,10,2,0,logistics,bl1,100.5020592212677,robot_8,100.5020592212677
test_10_2_t_logistics_i0_bl1,10,2,0,logistics,bl1,100.5020592212677,robot_9,100.5020592212677
test_10_2_t_logistics_i0_bl1,10,2,0,logistics,bl1,100.5020592212677,robot_10,73.5272331237793
test_10_10_t_agriculture_i0_multi3,10,10,0,agriculture,multi3,186.0407681465149,robot_1,85.44137120246887
test_10_10_t_agriculture_i0_multi3,10,10,0,agriculture,multi3,186.0407681465149,robot_2,82.4260585308075
test_10_10_t_agriculture_i0_multi3,10,10,0,agriculture,multi3,186.0407681465149,robot_3,151.5269751548767
test_10_10_t_agriculture_i0_multi3,10,10,0,agriculture,multi3,186.0407681465149,robot_4,37.517786502838135
test_10_10_t_agriculture_i0_multi3,10,10,0,agriculture,multi3,186.0407681465149,robot_5,148.42776608467102
test_10_10_t_agriculture_i0_multi3,10,10,0,agriculture,multi3,186.0407681465149,robot_6,149.96629452705383
test_10_10_t_agriculture_i0_multi3,10,10,0,agriculture,multi3,186.0407681465149,robot_7,186.0407681465149
test_10_10_t_agriculture_i0_multi3,10,10,0,agriculture,multi3,186.0407681465149,robot_8,154.50439715385437
test_10_10_t_agriculture_i0_multi3,10,10,0,agriculture,multi3,186.0407681465149,robot_9,150.06440329551697
test_10_10_t_agriculture_i0_multi3,10,10,0,agriculture,multi3,186.0407681465149,robot_10,174.04206204414368
test_2_20_t_logistics_i0_multi3,2,20,0,logistics,multi3,945.0108923912048,robot_1,3.0126702785491943
test_2_20_t_logistics_i0_multi3,2,20,0,logistics,multi3,945.0108923912048,robot_2,618.0107164382935
test_2_2_t_surveillance_i0_bl1,2,2,0,surveillance,bl1,99.0107409954071,robot_1,53.97505974769592
test_2_2_t_surveillance_i0_bl1,2,2,0,surveillance,bl1,99.0107409954071,robot_2,41.97510075569153
test_10_10_t_cleaning_i0_bl2,10,10,0,cleaning,bl2,489.04039239883423,robot_1,233.77778434753418
test_10_10_t_cleaning_i0_bl2,10,10,0,cleaning,bl2,489.04039239883423,robot_2,307.1958546638489
test_10_10_t_cleaning_i0_bl2,10,10,0,cleaning,bl2,489.04039239883423,robot_3,448.50359869003296
test_10_10_t_cleaning_i0_bl2,10,10,0,cleaning,bl2,489.04039239883423,robot_4,489.04039239883423
test_10_10_t_cleaning_i0_bl2,10,10,0,cleaning,bl2,489.04039239883423,robot_5,469.49958300590515
test_10_10_t_cleaning_i0_bl2,10,10,0,cleaning,bl2,489.04039239883423,robot_6,489.04039239883423
test_10_10_t_cleaning_i0_bl2,10,10,0,cleaning,bl2,489.04039239883423,robot_7,489.04039239883423
test_10_10_t_cleaning_i0_bl2,10,10,0,cleaning,bl2,489.04039239883423,robot_8,489.04039239883423
test_10_10_t_cleaning_i0_bl2,10,10,0,cleaning,bl2,489.04039239883423,robot_9,489.04039239883423
test_10_10_t_cleaning_i0_bl2,10,10,0,cleaning,bl2,489.04039239883423,robot_10,489.04039239883423
test_5_20_t_agriculture_i1_multi3,5,20,1,agriculture,multi3,361.5022065639496,robot_1,17.983407735824585
test_5_20_t_agriculture_i1_multi3,5,20,1,agriculture,multi3,361.5022065639496,robot_2,65.9820487499237
test_5_20_t_agriculture_i1_multi3,5,20,1,agriculture,multi3,361.5022065639496,robot_3,211.50432705879211
test_5_20_t_agriculture_i1_multi3,5,20,1,agriculture,multi3,361.5022065639496,robot_4,197.98238134384155
test_5_20_t_agriculture_i1_multi3,5,20,1,agriculture,multi3,361.5022065639496,robot_5,247.51399970054626
test_2_2_t_surveillance_i0_bl0,2,2,0,surveillance,bl0,99.0104250907898,robot_1,41.97546362876892
test_2_2_t_surveillance_i0_bl0,2,2,0,surveillance,bl0,99.0104250907898,robot_2,55.48542284965515
test_10_2_t_agriculture_i1_bl2,10,2,1,agriculture,bl2,123.04078483581543,robot_1,109.5268485546112
test_10_2_t_agriculture_i1_bl2,10,2,1,agriculture,bl2,123.04078483581543,robot_2,109.47950029373169
test_10_2_t_agriculture_i1_bl2,10,2,1,agriculture,bl2,123.04078483581543,robot_3,83.96731734275818
test_10_2_t_agriculture_i1_bl2,10,2,1,agriculture,bl2,123.04078483581543,robot_4,123.04078483581543
test_10_2_t_agriculture_i1_bl2,10,2,1,agriculture,bl2,123.04078483581543,robot_5,101.96401929855347
test_10_2_t_agriculture_i1_bl2,10,2,1,agriculture,bl2,123.04078483581543,robot_6,123.04078483581543
test_10_2_t_agriculture_i1_bl2,10,2,1,agriculture,bl2,123.04078483581543,robot_7,106.5028555393219
test_10_2_t_agriculture_i1_bl2,10,2,1,agriculture,bl2,123.04078483581543,robot_8,123.04078483581543
test_10_2_t_agriculture_i1_bl2,10,2,1,agriculture,bl2,123.04078483581543,robot_9,111.04090547561646
test_10_2_t_agriculture_i1_bl2,10,2,1,agriculture,bl2,123.04078483581543,robot_10,117.04029202461243
test_2_10_t_logistics_i1_multi3,2,10,1,logistics,multi3,486.0107669830322,robot_1,107.96244692802429
test_2_10_t_logistics_i1_multi3,2,10,1,logistics,multi3,486.0107669830322,robot_2,205.46917700767517
test_5_20_t_cleaning_i2_bl2,5,20,2,cleaning,bl2,957.0219166278839,robot_1,367.1456027030945
test_5_20_t_cleaning_i2_bl2,5,20,2,cleaning,bl2,957.0219166278839,robot_2,640.1479399204254
test_5_20_t_cleaning_i2_bl2,5,20,2,cleaning,bl2,957.0219166278839,robot_3,911.982501745224
test_5_20_t_cleaning_i2_bl2,5,20,2,cleaning,bl2,957.0219166278839,robot_4,937.5027186870575
test_5_20_t_cleaning_i2_bl2,5,20,2,cleaning,bl2,957.0219166278839,robot_5,957.0219166278839
test_10_2_t_logistics_i0_bl0,10,2,0,logistics,bl0,99.03987503051758,robot_1,62.96550536155701
test_10_2_t_logistics_i0_bl0,10,2,0,logistics,bl0,99.03987503051758,robot_2,88.5017192363739
test_10_2_t_logistics_i0_bl0,10,2,0,logistics,bl0,99.03987503051758,robot_3,76.50392985343933
test_10_2_t_logistics_i0_bl0,10,2,0,logistics,bl0,99.03987503051758,robot_4,99.03987503051758
test_10_2_t_logistics_i0_bl0,10,2,0,logistics,bl0,99.03987503051758,robot_5,80.96273636817932
test_10_2_t_logistics_i0_bl0,10,2,0,logistics,bl0,99.03987503051758,robot_6,99.03987503051758
test_10_2_t_logistics_i0_bl0,10,2,0,logistics,bl0,99.03987503051758,robot_7,99.03987503051758
test_10_2_t_logistics_i0_bl0,10,2,0,logistics,bl0,99.03987503051758,robot_8,99.03987503051758
test_10_2_t_logistics_i0_bl0,10,2,0,logistics,bl0,99.03987503051758,robot_9,91.50091624259949
test_10_2_t_logistics_i0_bl0,10,2,0,logistics,bl0,99.03987503051758,robot_10,90.03961539268494
test_5_10_t_surveillance_i0_bl0,5,10,0,surveillance,bl0,465.021520614624,robot_1,139.3015205860138
test_5_10_t_surveillance_i0_bl0,5,10,0,surveillance,bl0,465.021520614624,robot_2,334.3073797225952
test_5_10_t_surveillance_i0_bl0,5,10,0,surveillance,bl0,465.021520614624,robot_3,465.021520614624
test_5_10_t_surveillance_i0_bl0,5,10,0,surveillance,bl0,465.021520614624,robot_4,465.021520614624
test_5_10_t_surveillance_i0_bl0,5,10,0,surveillance,bl0,465.021520614624,robot_5,451.5015413761139
test_5_20_t_agriculture_i0_bl0,5,20,0,agriculture,bl0,900.0233502388,robot_1,350.2502372264862
test_5_20_t_agriculture_i0_bl0,5,20,0,agriculture,bl0,900.0233502388,robot_2,555.8386118412018
test_5_20_t_agriculture_i0_bl0,5,20,0,agriculture,bl0,900.0233502388,robot_3,886.5037686824799
test_5_20_t_agriculture_i0_bl0,5,20,0,agriculture,bl0,900.0233502388,robot_4,888.0239520072937
test_5_20_t_agriculture_i0_bl0,5,20,0,agriculture,bl0,900.0233502388,robot_5,874.5151906013489
test_2_20_t_surveillance_i1_bl2,2,20,1,surveillance,bl2,756.0106809139252,robot_1,38.99438953399658
test_2_20_t_surveillance_i1_bl2,2,20,1,surveillance,bl2,756.0106809139252,robot_2,713.9931499958038
test_2_10_t_agriculture_i0_bl1,2,10,0,agriculture,bl1,463.50202655792236,robot_1,107.92966723442078
test_2_10_t_agriculture_i0_bl1,2,10,0,agriculture,bl1,463.50202655792236,robot_2,335.92704343795776
test_2_2_t_cleaning_i0_bl1,2,2,0,cleaning,bl1,112.50211071968079,robot_1,46.48480772972107
test_2_2_t_cleaning_i0_bl1,2,2,0,cleaning,bl1,112.50211071968079,robot_2,62.995471477508545
test_10_2_t_surveillance_i1_bl2,10,2,1,surveillance,bl2,106.50209093093872,robot_1,55.5040328502655
test_10_2_t_surveillance_i1_bl2,10,2,1,surveillance,bl2,106.50209093093872,robot_2,92.9642403125763
test_10_2_t_surveillance_i1_bl2,10,2,1,surveillance,bl2,106.50209093093872,robot_3,106.50209093093872
test_10_2_t_surveillance_i1_bl2,10,2,1,surveillance,bl2,106.50209093093872,robot_4,106.50209093093872
test_10_2_t_surveillance_i1_bl2,10,2,1,surveillance,bl2,106.50209093093872,robot_5,89.96391034126282
test_10_2_t_surveillance_i1_bl2,10,2,1,surveillance,bl2,106.50209093093872,robot_6,106.50209093093872
test_10_2_t_surveillance_i1_bl2,10,2,1,surveillance,bl2,106.50209093093872,robot_7,97.50363731384277
test_10_2_t_surveillance_i1_bl2,10,2,1,surveillance,bl2,106.50209093093872,robot_8,106.50209093093872
test_10_2_t_surveillance_i1_bl2,10,2,1,surveillance,bl2,106.50209093093872,robot_9,85.50179171562195
test_10_2_t_surveillance_i1_bl2,10,2,1,surveillance,bl2,106.50209093093872,robot_10,106.50209093093872
test_10_20_t_cleaning_i0_multi3,10,20,0,cleaning,multi3,150.0415334701538,robot_1,82.5059072971344
test_10_20_t_cleaning_i0_multi3,10,20,0,cleaning,multi3,150.0415334701538,robot_2,88.50422692298889
test_10_20_t_cleaning_i0_multi3,10,20,0,cleaning,multi3,150.0415334701538,robot_3,88.50548934936523
test_10_20_t_cleaning_i0_multi3,10,20,0,cleaning,multi3,150.0415334701538,robot_4,103.50736951828003
test_10_20_t_cleaning_i0_multi3,10,20,0,cleaning,multi3,150.0415334701538,robot_5,64.50438785552979
test_10_20_t_cleaning_i0_multi3,10,20,0,cleaning,multi3,150.0415334701538,robot_6,92.9639663696289
test_10_20_t_cleaning_i0_multi3,10,20,0,cleaning,multi3,150.0415334701538,robot_7,91.51635837554932
test_10_20_t_cleaning_i0_multi3,10,20,0,cleaning,multi3,150.0415334701538,robot_8,105.04268527030945
test_10_20_t_cleaning_i0_multi3,10,20,0,cleaning,multi3,150.0415334701538,robot_9,73.45280742645264
test_10_20_t_cleaning_i0_multi3,10,20,0,cleaning,multi3,150.0415334701538,robot_10,112.49995565414429
test_10_10_t_cleaning_i2_bl1,10,10,2,cleaning,bl1,436.50208568573,robot_1,41.96961545944214
test_10_10_t_cleaning_i2_bl1,10,10,2,cleaning,bl1,436.50208568573,robot_2,436.50208568573
test_10_10_t_cleaning_i2_bl1,10,10,2,cleaning,bl1,436.50208568573,robot_3,410.9637508392334
test_10_10_t_cleaning_i2_bl1,10,10,2,cleaning,bl1,436.50208568573,robot_4,436.50208568573
test_10_10_t_cleaning_i2_bl1,10,10,2,cleaning,bl1,436.50208568573,robot_5,436.50208568573
test_10_10_t_cleaning_i2_bl1,10,10,2,cleaning,bl1,436.50208568573,robot_6,424.5011773109436
test_10_10_t_cleaning_i2_bl1,10,10,2,cleaning,bl1,436.50208568573,robot_7,436.50208568573
test_10_10_t_cleaning_i2_bl1,10,10,2,cleaning,bl1,436.50208568573,robot_8,436.50208568573
test_10_10_t_cleaning_i2_bl1,10,10,2,cleaning,bl1,436.50208568573,robot_9,436.50208568573
test_10_10_t_cleaning_i2_bl1,10,10,2,cleaning,bl1,436.50208568573,robot_10,436.50208568573
test_5_10_t_surveillance_i0_multi3,5,10,0,surveillance,multi3,268.5021917819977,robot_1,166.50232100486755
test_5_10_t_surveillance_i0_multi3,5,10,0,surveillance,multi3,268.5021917819977,robot_2,77.90365624427795
test_5_10_t_surveillance_i0_multi3,5,10,0,surveillance,multi3,268.5021917819977,robot_3,160.4207489490509
test_5_10_t_surveillance_i0_multi3,5,10,0,surveillance,multi3,268.5021917819977,robot_4,205.50276732444763
test_5_10_t_surveillance_i0_multi3,5,10,0,surveillance,multi3,268.5021917819977,robot_5,188.9827582836151
test_10_20_t_logistics_i0_multi3,10,20,0,logistics,multi3,627.0411777496338,robot_1,560.9651708602905
test_10_20_t_logistics_i0_multi3,10,20,0,logistics,multi3,627.0411777496338,robot_2,600.0427768230438
test_10_20_t_logistics_i0_multi3,10,20,0,logistics,multi3,627.0411777496338,robot_3,627.0411777496338
test_10_20_t_logistics_i0_multi3,10,20,0,logistics,multi3,627.0411777496338,robot_4,541.5021710395813
test_10_20_t_logistics_i0_multi3,10,20,0,logistics,multi3,627.0411777496338,robot_5,350.6623659133911
test_10_20_t_logistics_i0_multi3,10,20,0,logistics,multi3,627.0411777496338,robot_6,398.614693403244
test_10_20_t_logistics_i0_multi3,10,20,0,logistics,multi3,627.0411777496338,robot_7,567.0433528423309
test_10_20_t_logistics_i0_multi3,10,20,0,logistics,multi3,627.0411777496338,robot_8,528.042286157608
test_10_20_t_logistics_i0_multi3,10,20,0,logistics,multi3,627.0411777496338,robot_9,540.0408561229706
test_10_20_t_logistics_i0_multi3,10,20,0,logistics,multi3,627.0411777496338,robot_10,326.70934677124023
test_2_2_t_surveillance_i2_bl2,2,2,2,surveillance,bl2,114.010089635849,robot_1,35.994765281677246
test_2_2_t_surveillance_i2_bl2,2,2,2,surveillance,bl2,114.010089635849,robot_2,77.99326276779175
test_5_10_t_cleaning_i1_bl0,5,10,1,cleaning,bl0,495.0224232673645,robot_1,215.86371278762817
test_5_10_t_cleaning_i1_bl0,5,10,1,cleaning,bl0,495.0224232673645,robot_2,343.3838748931885
test_5_10_t_cleaning_i1_bl0,5,10,1,cleaning,bl0,495.0224232673645,robot_3,439.5018618106842
test_5_10_t_cleaning_i1_bl0,5,10,1,cleaning,bl0,495.0224232673645,robot_4,495.0224232673645
test_5_10_t_cleaning_i1_bl0,5,10,1,cleaning,bl0,495.0224232673645,robot_5,469.5020446777344
test_5_10_t_surveillance_i2_bl2,5,10,2,surveillance,bl2,409.5021119117737,robot_1,191.79110598564148
test_5_10_t_surveillance_i2_bl2,5,10,2,surveillance,bl2,409.5021119117737,robot_2,241.30421471595764
test_5_10_t_surveillance_i2_bl2,5,10,2,surveillance,bl2,409.5021119117737,robot_3,396.02391839027405
test_5_10_t_surveillance_i2_bl2,5,10,2,surveillance,bl2,409.5021119117737,robot_4,404.9822278022766
test_5_10_t_surveillance_i2_bl2,5,10,2,surveillance,bl2,409.5021119117737,robot_5,409.5021119117737
test_2_20_t_surveillance_i2_multi3,2,20,2,surveillance,multi3,663.0108814239502,robot_1,214.4181146621704
test_2_20_t_surveillance_i2_multi3,2,20,2,surveillance,multi3,663.0108814239502,robot_2,134.93858313560486
test_5_20_t_agriculture_i2_bl2,5,20,2,agriculture,bl2,924.0227706432343,robot_1,393.80344223976135
test_5_20_t_agriculture_i2_bl2,5,20,2,agriculture,bl2,924.0227706432343,robot_2,733.2070569992065
test_5_20_t_agriculture_i2_bl2,5,20,2,agriculture,bl2,924.0227706432343,robot_3,905.9828071594238
test_5_20_t_agriculture_i2_bl2,5,20,2,agriculture,bl2,924.0227706432343,robot_4,680.6462213993073
test_5_20_t_agriculture_i2_bl2,5,20,2,agriculture,bl2,924.0227706432343,robot_5,919.5014390945435
test_5_2_t_cleaning_i1_bl2,5,2,1,cleaning,bl2,91.50202870368958,robot_1,91.50202870368958
test_5_2_t_cleaning_i1_bl2,5,2,1,cleaning,bl2,91.50202870368958,robot_2,35.982566833496094
test_5_2_t_cleaning_i1_bl2,5,2,1,cleaning,bl2,91.50202870368958,robot_3,91.50202870368958
test_5_2_t_cleaning_i1_bl2,5,2,1,cleaning,bl2,91.50202870368958,robot_4,91.50202870368958
test_5_2_t_cleaning_i1_bl2,5,2,1,cleaning,bl2,91.50202870368958,robot_5,55.51630473136902
test_5_20_t_cleaning_i0_bl0,5,20,0,cleaning,bl0,1005.0215122699738,robot_1,412.1973581314087
test_5_20_t_cleaning_i0_bl0,5,20,0,cleaning,bl0,1005.0215122699738,robot_2,626.6693782806396
test_5_20_t_cleaning_i0_bl0,5,20,0,cleaning,bl0,1005.0215122699738,robot_3,982.4897508621216
test_5_20_t_cleaning_i0_bl0,5,20,0,cleaning,bl0,1005.0215122699738,robot_4,997.5018434524536
test_5_20_t_cleaning_i0_bl0,5,20,0,cleaning,bl0,1005.0215122699738,robot_5,970.474524974823
test_10_2_t_logistics_i2_bl2,10,2,2,logistics,bl2,94.5019919872284,robot_1,43.4275279045105
test_10_2_t_logistics_i2_bl2,10,2,2,logistics,bl2,94.5019919872284,robot_2,74.9643235206604
test_10_2_t_logistics_i2_bl2,10,2,2,logistics,bl2,94.5019919872284,robot_3,85.50148153305054
test_10_2_t_logistics_i2_bl2,10,2,2,logistics,bl2,94.5019919872284,robot_4,83.96526002883911
test_10_2_t_logistics_i2_bl2,10,2,2,logistics,bl2,94.5019919872284,robot_5,94.5019919872284
test_10_2_t_logistics_i2_bl2,10,2,2,logistics,bl2,94.5019919872284,robot_6,90.04171872138977
test_10_2_t_logistics_i2_bl2,10,2,2,logistics,bl2,94.5019919872284,robot_7,94.5019919872284
test_10_2_t_logistics_i2_bl2,10,2,2,logistics,bl2,94.5019919872284,robot_8,89.9650559425354
test_10_2_t_logistics_i2_bl2,10,2,2,logistics,bl2,94.5019919872284,robot_9,94.5019919872284
test_10_2_t_logistics_i2_bl2,10,2,2,logistics,bl2,94.5019919872284,robot_10,94.5019919872284
test_5_20_t_cleaning_i0_bl1,5,20,0,cleaning,bl1,1005.0223615169525,robot_1,418.14421010017395
test_5_20_t_cleaning_i0_bl1,5,20,0,cleaning,bl1,1005.0223615169525,robot_2,628.1521809101105
test_5_20_t_cleaning_i0_bl1,5,20,0,cleaning,bl1,1005.0223615169525,robot_3,990.0223186016083
test_5_20_t_cleaning_i0_bl1,5,20,0,cleaning,bl1,1005.0223615169525,robot_4,987.0230338573456
test_5_20_t_cleaning_i0_bl1,5,20,0,cleaning,bl1,1005.0223615169525,robot_5,975.0226187705994
test_10_10_t_logistics_i1_multi3,10,10,1,logistics,multi3,351.04010248184204,robot_1,303.042893409729
test_10_10_t_logistics_i1_multi3,10,10,1,logistics,multi3,351.04010248184204,robot_2,321.0417401790619
test_10_10_t_logistics_i1_multi3,10,10,1,logistics,multi3,351.04010248184204,robot_3,206.73718237876892
test_10_10_t_logistics_i1_multi3,10,10,1,logistics,multi3,351.04010248184204,robot_4,315.0400869846344
test_10_10_t_logistics_i1_multi3,10,10,1,logistics,multi3,351.04010248184204,robot_5,308.9788556098938
test_10_10_t_logistics_i1_multi3,10,10,1,logistics,multi3,351.04010248184204,robot_6,312.04145312309265
test_10_10_t_logistics_i1_multi3,10,10,1,logistics,multi3,351.04010248184204,robot_7,316.50307989120483
test_10_10_t_logistics_i1_multi3,10,10,1,logistics,multi3,351.04010248184204,robot_8,194.9498052597046
test_10_10_t_logistics_i1_multi3,10,10,1,logistics,multi3,351.04010248184204,robot_9,202.29755353927612
test_10_10_t_logistics_i1_multi3,10,10,1,logistics,multi3,351.04010248184204,robot_10,322.5225212574005
test_5_2_t_logistics_i1_bl2,5,2,1,logistics,bl2,160.502112865448,robot_1,140.9816393852234
test_5_2_t_logistics_i1_bl2,5,2,1,logistics,bl2,160.502112865448,robot_2,115.46430969238281
test_5_2_t_logistics_i1_bl2,5,2,1,logistics,bl2,160.502112865448,robot_3,118.47460556030273
test_5_2_t_logistics_i1_bl2,5,2,1,logistics,bl2,160.502112865448,robot_4,131.99309492111206
test_5_2_t_logistics_i1_bl2,5,2,1,logistics,bl2,160.502112865448,robot_5,131.98926639556885
test_2_2_t_cleaning_i2_bl2,2,2,2,cleaning,bl2,85.50206851959229,robot_1,47.99255418777466
test_2_2_t_cleaning_i2_bl2,2,2,2,cleaning,bl2,85.50206851959229,robot_2,35.99482345581055
test_10_20_t_surveillance_i1_bl2,10,20,1,surveillance,bl2,879.0411961078644,robot_1,550.7750253677368
test_10_20_t_surveillance_i1_bl2,10,20,1,surveillance,bl2,879.0411961078644,robot_2,660.8154757022858
test_10_20_t_surveillance_i1_bl2,10,20,1,surveillance,bl2,879.0411961078644,robot_3,681.7628827095032
test_10_20_t_surveillance_i1_bl2,10,20,1,surveillance,bl2,879.0411961078644,robot_4,879.0411961078644
test_10_20_t_surveillance_i1_bl2,10,20,1,surveillance,bl2,879.0411961078644,robot_5,720.8563208580017
test_10_20_t_surveillance_i1_bl2,10,20,1,surveillance,bl2,879.0411961078644,robot_6,879.0411961078644
test_10_20_t_surveillance_i1_bl2,10,20,1,surveillance,bl2,879.0411961078644,robot_7,876.0416460037231
test_10_20_t_surveillance_i1_bl2,10,20,1,surveillance,bl2,879.0411961078644,robot_8,879.0411961078644
test_10_20_t_surveillance_i1_bl2,10,20,1,surveillance,bl2,879.0411961078644,robot_9,864.0422444343567
test_10_20_t_surveillance_i1_bl2,10,20,1,surveillance,bl2,879.0411961078644,robot_10,861.0404319763184
test_2_10_t_agriculture_i2_bl2,2,10,2,agriculture,bl2,471.01072359085083,robot_1,184.46068286895752
test_2_10_t_agriculture_i2_bl2,2,10,2,agriculture,bl2,471.01072359085083,robot_2,284.943288564682
test_10_10_t_agriculture_i1_bl2,10,10,1,agriculture,bl2,417.0407555103302,robot_1,124.1367621421814
test_10_10_t_agriculture_i1_bl2,10,10,1,agriculture,bl2,417.0407555103302,robot_2,417.0407555103302
test_10_10_t_agriculture_i1_bl2,10,10,1,agriculture,bl2,417.0407555103302,robot_3,412.50191140174866
test_10_10_t_agriculture_i1_bl2,10,10,1,agriculture,bl2,417.0407555103302,robot_4,337.20079827308655
test_10_10_t_agriculture_i1_bl2,10,10,1,agriculture,bl2,417.0407555103302,robot_5,417.0407555103302
test_10_10_t_agriculture_i1_bl2,10,10,1,agriculture,bl2,417.0407555103302,robot_6,411.0405161380768
test_10_10_t_agriculture_i1_bl2,10,10,1,agriculture,bl2,417.0407555103302,robot_7,402.0415630340576
test_10_10_t_agriculture_i1_bl2,10,10,1,agriculture,bl2,417.0407555103302,robot_8,417.0407555103302
test_10_10_t_agriculture_i1_bl2,10,10,1,agriculture,bl2,417.0407555103302,robot_9,412.5020878314972
test_10_10_t_agriculture_i1_bl2,10,10,1,agriculture,bl2,417.0407555103302,robot_10,400.5024256706238
test_10_2_t_logistics_i0_multi3,10,2,0,logistics,multi3,82.502121925354,robot_1,34.481606245040894
test_10_2_t_logistics_i0_multi3,10,2,0,logistics,multi3,82.502121925354,robot_2,82.502121925354
test_10_2_t_logistics_i0_multi3,10,2,0,logistics,multi3,82.502121925354,robot_3,82.502121925354
test_10_2_t_logistics_i0_multi3,10,2,0,logistics,multi3,82.502121925354,robot_4,70.47936630249023
test_10_2_t_logistics_i0_multi3,10,2,0,logistics,multi3,82.502121925354,robot_5,52.4757297039032
test_10_2_t_logistics_i0_multi3,10,2,0,logistics,multi3,82.502121925354,robot_6,82.502121925354
test_10_2_t_logistics_i0_multi3,10,2,0,logistics,multi3,82.502121925354,robot_7,82.502121925354
test_10_2_t_logistics_i0_multi3,10,2,0,logistics,multi3,82.502121925354,robot_8,70.50026559829712
test_10_2_t_logistics_i0_multi3,10,2,0,logistics,multi3,82.502121925354,robot_9,82.502121925354
test_10_2_t_logistics_i0_multi3,10,2,0,logistics,multi3,82.502121925354,robot_10,67.5014100074768
test_2_10_t_surveillance_i1_multi3,2,10,1,surveillance,multi3,375.01063776016235,robot_1,85.46686720848083
test_2_10_t_surveillance_i1_multi3,2,10,1,surveillance,multi3,375.01063776016235,robot_2,82.44971060752869
test_5_10_t_cleaning_i1_bl1,5,10,1,cleaning,bl1,483.00926303863525,robot_1,241.3727970123291
test_5_10_t_cleaning_i1_bl1,5,10,1,cleaning,bl1,483.00926303863525,robot_2,281.8637959957123
test_5_10_t_cleaning_i1_bl1,5,10,1,cleaning,bl1,483.00926303863525,robot_3,448.4898886680603
test_5_10_t_cleaning_i1_bl1,5,10,1,cleaning,bl1,483.00926303863525,robot_4,483.00926303863525
test_5_10_t_cleaning_i1_bl1,5,10,1,cleaning,bl1,483.00926303863525,robot_5,457.4895033836365
test_10_20_t_agriculture_i2_multi3,10,20,2,agriculture,multi3,151.50214052200317,robot_1,58.401081562042236
test_10_20_t_agriculture_i2_multi3,10,20,2,agriculture,multi3,151.50214052200317,robot_2,37.50282669067383
test_10_20_t_agriculture_i2_multi3,10,20,2,agriculture,multi3,151.50214052200317,robot_3,86.89066338539124
test_10_20_t_agriculture_i2_multi3,10,20,2,agriculture,multi3,151.50214052200317,robot_4,46.502768993377686
test_10_20_t_agriculture_i2_multi3,10,20,2,agriculture,multi3,151.50214052200317,robot_5,64.50248527526855
test_10_20_t_agriculture_i2_multi3,10,20,2,agriculture,multi3,151.50214052200317,robot_6,85.5013918876648
test_10_20_t_agriculture_i2_multi3,10,20,2,agriculture,multi3,151.50214052200317,robot_7,73.52523040771484
test_10_20_t_agriculture_i2_multi3,10,20,2,agriculture,multi3,151.50214052200317,robot_8,62.965359687805176
test_10_20_t_agriculture_i2_multi3,10,20,2,agriculture,multi3,151.50214052200317,robot_9,44.99202632904053
test_10_20_t_agriculture_i2_multi3,10,20,2,agriculture,multi3,151.50214052200317,robot_10,37.50310730934143
test_10_10_t_cleaning_i2_bl0,10,10,2,cleaning,bl0,436.50210070610046,robot_1,56.965790033340454
test_10_10_t_cleaning_i2_bl0,10,10,2,cleaning,bl0,436.50210070610046,robot_2,436.50210070610046
test_10_10_t_cleaning_i2_bl0,10,10,2,cleaning,bl0,436.50210070610046,robot_3,436.50210070610046
test_10_10_t_cleaning_i2_bl0,10,10,2,cleaning,bl0,436.50210070610046,robot_4,421.5033040046692
test_10_10_t_cleaning_i2_bl0,10,10,2,cleaning,bl0,436.50210070610046,robot_5,436.50210070610046
test_10_10_t_cleaning_i2_bl0,10,10,2,cleaning,bl0,436.50210070610046,robot_6,412.5021424293518
test_10_10_t_cleaning_i2_bl0,10,10,2,cleaning,bl0,436.50210070610046,robot_7,436.50210070610046
test_10_10_t_cleaning_i2_bl0,10,10,2,cleaning,bl0,436.50210070610046,robot_8,436.50210070610046
test_10_10_t_cleaning_i2_bl0,10,10,2,cleaning,bl0,436.50210070610046,robot_9,421.50379610061646
test_10_10_t_cleaning_i2_bl0,10,10,2,cleaning,bl0,436.50210070610046,robot_10,436.50210070610046
test_2_10_t_agriculture_i1_multi3,2,10,1,agriculture,multi3,334.5020453929901,robot_1,112.50420117378235
test_2_10_t_agriculture_i1_multi3,2,10,1,agriculture,multi3,334.5020453929901,robot_2,14.993667364120483
test_5_10_t_cleaning_i2_multi3,5,10,2,cleaning,multi3,148.50204038619995,robot_1,49.50268840789795
test_5_10_t_cleaning_i2_multi3,5,10,2,cleaning,multi3,148.50204038619995,robot_2,13.50229525566101
test_5_10_t_cleaning_i2_multi3,5,10,2,cleaning,multi3,148.50204038619995,robot_3,10.503007888793945
test_5_10_t_cleaning_i2_multi3,5,10,2,cleaning,multi3,148.50204038619995,robot_4,71.9820294380188
test_5_10_t_cleaning_i2_multi3,5,10,2,cleaning,multi3,148.50204038619995,robot_5,49.50348615646362
test_5_10_t_logistics_i2_multi3,5,10,2,logistics,multi3,376.5020055770874,robot_1,223.326917886734
test_5_10_t_logistics_i2_multi3,5,10,2,logistics,multi3,376.5020055770874,robot_2,313.5027639865875
test_5_10_t_logistics_i2_multi3,5,10,2,logistics,multi3,376.5020055770874,robot_3,241.3893826007843
test_5_10_t_logistics_i2_multi3,5,10,2,logistics,multi3,376.5020055770874,robot_4,307.5022671222687
test_5_10_t_logistics_i2_multi3,5,10,2,logistics,multi3,376.5020055770874,robot_5,173.8980851173401
test_10_2_t_surveillance_i1_bl1,10,2,1,surveillance,bl1,108.0403664112091,robot_1,45.04280662536621
test_10_2_t_surveillance_i1_bl1,10,2,1,surveillance,bl1,108.0403664112091,robot_2,108.0403664112091
test_10_2_t_surveillance_i1_bl1,10,2,1,surveillance,bl1,108.0403664112091,robot_3,108.0403664112091
test_10_2_t_surveillance_i1_bl1,10,2,1,surveillance,bl1,108.0403664112091,robot_4,93.04071807861328
test_10_2_t_surveillance_i1_bl1,10,2,1,surveillance,bl1,108.0403664112091,robot_5,85.50152730941772
test_10_2_t_surveillance_i1_bl1,10,2,1,surveillance,bl1,108.0403664112091,robot_6,102.04039192199707
test_10_2_t_surveillance_i1_bl1,10,2,1,surveillance,bl1,108.0403664112091,robot_7,103.50242352485657
test_10_2_t_surveillance_i1_bl1,10,2,1,surveillance,bl1,108.0403664112091,robot_8,108.0403664112091
test_10_2_t_surveillance_i1_bl1,10,2,1,surveillance,bl1,108.0403664112091,robot_9,108.0403664112091
test_10_2_t_surveillance_i1_bl1,10,2,1,surveillance,bl1,108.0403664112091,robot_10,108.0403664112091
test_10_10_t_cleaning_i2_bl2,10,10,2,cleaning,bl2,435.04051756858826,robot_1,34.502991914749146
test_10_10_t_cleaning_i2_bl2,10,10,2,cleaning,bl2,435.04051756858826,robot_2,435.04051756858826
test_10_10_t_cleaning_i2_bl2,10,10,2,cleaning,bl2,435.04051756858826,robot_3,435.04051756858826
test_10_10_t_cleaning_i2_bl2,10,10,2,cleaning,bl2,435.04051756858826,robot_4,435.04051756858826
test_10_10_t_cleaning_i2_bl2,10,10,2,cleaning,bl2,435.04051756858826,robot_5,435.04051756858826
test_10_10_t_cleaning_i2_bl2,10,10,2,cleaning,bl2,435.04051756858826,robot_6,412.50475811958313
test_10_10_t_cleaning_i2_bl2,10,10,2,cleaning,bl2,435.04051756858826,robot_7,435.04051756858826
test_10_10_t_cleaning_i2_bl2,10,10,2,cleaning,bl2,435.04051756858826,robot_8,435.04051756858826
test_10_10_t_cleaning_i2_bl2,10,10,2,cleaning,bl2,435.04051756858826,robot_9,435.04051756858826
test_10_10_t_cleaning_i2_bl2,10,10,2,cleaning,bl2,435.04051756858826,robot_10,426.03971576690674
test_2_2_t_surveillance_i2_bl1,2,2,2,surveillance,bl1,118.50197267532349,robot_1,32.97724723815918
test_2_2_t_surveillance_i2_bl1,2,2,2,surveillance,bl1,118.50197267532349,robot_2,76.46822595596313
test_10_10_t_agriculture_i1_bl0,10,10,1,agriculture,bl0,417.03908801078796,robot_1,133.14342188835144
test_10_10_t_agriculture_i1_bl0,10,10,1,agriculture,bl0,417.03908801078796,robot_2,417.03908801078796
test_10_10_t_agriculture_i1_bl0,10,10,1,agriculture,bl0,417.03908801078796,robot_3,395.9638578891754
test_10_10_t_agriculture_i1_bl0,10,10,1,agriculture,bl0,417.03908801078796,robot_4,332.6550223827362
test_10_10_t_agriculture_i1_bl0,10,10,1,agriculture,bl0,417.03908801078796,robot_5,417.03908801078796
test_10_10_t_agriculture_i1_bl0,10,10,1,agriculture,bl0,417.03908801078796,robot_6,412.50100660324097
test_10_10_t_agriculture_i1_bl0,10,10,1,agriculture,bl0,417.03908801078796,robot_7,417.03908801078796
test_10_10_t_agriculture_i1_bl0,10,10,1,agriculture,bl0,417.03908801078796,robot_8,417.03908801078796
test_10_10_t_agriculture_i1_bl0,10,10,1,agriculture,bl0,417.03908801078796,robot_9,409.5038740634918
test_10_10_t_agriculture_i1_bl0,10,10,1,agriculture,bl0,417.03908801078796,robot_10,400.5026981830597
test_5_10_t_surveillance_i2_bl1,5,10,2,surveillance,bl1,411.02202701568604,robot_1,226.3418550491333
test_5_10_t_surveillance_i2_bl1,5,10,2,surveillance,bl1,411.02202701568604,robot_2,230.8115792274475
test_5_10_t_surveillance_i2_bl1,5,10,2,surveillance,bl1,411.02202701568604,robot_3,386.9853398799896
test_5_10_t_surveillance_i2_bl1,5,10,2,surveillance,bl1,411.02202701568604,robot_4,402.02160906791687
test_5_10_t_surveillance_i2_bl1,5,10,2,surveillance,bl1,411.02202701568604,robot_5,405.0080542564392
test_5_20_t_agriculture_i2_bl1,5,20,2,agriculture,bl1,925.5021772384644,robot_1,407.3567154407501
test_5_20_t_agriculture_i2_bl1,5,20,2,agriculture,bl1,925.5021772384644,robot_2,733.1532642841339
test_5_20_t_agriculture_i2_bl1,5,20,2,agriculture,bl1,925.5021772384644,robot_3,908.9814291000366
test_5_20_t_agriculture_i2_bl1,5,20,2,agriculture,bl1,925.5021772384644,robot_4,706.1049120426178
test_5_20_t_agriculture_i2_bl1,5,20,2,agriculture,bl1,925.5021772384644,robot_5,912.0238535404205
test_10_20_t_surveillance_i1_bl0,10,20,1,surveillance,bl0,879.039960861206,robot_1,552.2130002975464
test_10_20_t_surveillance_i1_bl0,10,20,1,surveillance,bl0,879.039960861206,robot_2,651.8639471530914
test_10_20_t_surveillance_i1_bl0,10,20,1,surveillance,bl0,879.039960861206,robot_3,681.7736747264862
test_10_20_t_surveillance_i1_bl0,10,20,1,surveillance,bl0,879.039960861206,robot_4,879.039960861206
test_10_20_t_surveillance_i1_bl0,10,20,1,surveillance,bl0,879.039960861206,robot_5,716.3836741447449
test_10_20_t_surveillance_i1_bl0,10,20,1,surveillance,bl0,879.039960861206,robot_6,847.5019555091858
test_10_20_t_surveillance_i1_bl0,10,20,1,surveillance,bl0,879.039960861206,robot_7,879.039960861206
test_10_20_t_surveillance_i1_bl0,10,20,1,surveillance,bl0,879.039960861206,robot_8,879.039960861206
test_10_20_t_surveillance_i1_bl0,10,20,1,surveillance,bl0,879.039960861206,robot_9,879.039960861206
test_10_20_t_surveillance_i1_bl0,10,20,1,surveillance,bl0,879.039960861206,robot_10,879.039960861206
test_2_2_t_logistics_i2_multi3,2,2,2,logistics,multi3,142.5011522769928,robot_1,58.48615837097168
test_2_2_t_logistics_i2_multi3,2,2,2,logistics,multi3,142.5011522769928,robot_2,68.99337434768677
test_2_10_t_agriculture_i2_bl0,2,10,2,agriculture,bl0,475.50203943252563,robot_1,145.42670249938965
test_2_10_t_agriculture_i2_bl0,2,10,2,agriculture,bl0,475.50203943252563,robot_2,325.41796040534973
test_5_2_t_cleaning_i1_bl1,5,2,1,cleaning,bl1,97.50197434425354,robot_1,83.98163747787476
test_5_2_t_cleaning_i1_bl1,5,2,1,cleaning,bl1,97.50197434425354,robot_2,85.50209927558899
test_5_2_t_cleaning_i1_bl1,5,2,1,cleaning,bl1,97.50197434425354,robot_3,56.9828155040741
test_5_2_t_cleaning_i1_bl1,5,2,1,cleaning,bl1,97.50197434425354,robot_4,76.50238084793091
test_5_2_t_cleaning_i1_bl1,5,2,1,cleaning,bl1,97.50197434425354,robot_5,88.50349354743958
test_5_2_t_logistics_i1_bl0,5,2,1,logistics,bl0,156.02227210998535,robot_1,122.98047733306885
test_5_2_t_logistics_i1_bl0,5,2,1,logistics,bl0,156.02227210998535,robot_2,73.46237373352051
test_5_2_t_logistics_i1_bl0,5,2,1,logistics,bl0,156.02227210998535,robot_3,141.02266192436218
test_5_2_t_logistics_i1_bl0,5,2,1,logistics,bl0,156.02227210998535,robot_4,141.02197194099426
test_5_2_t_logistics_i1_bl0,5,2,1,logistics,bl0,156.02227210998535,robot_5,142.50347208976746
test_2_2_t_cleaning_i2_bl0,2,2,2,cleaning,bl0,87.01071071624756,robot_1,47.99282145500183
test_2_2_t_cleaning_i2_bl0,2,2,2,cleaning,bl0,87.01071071624756,robot_2,38.99336123466492
test_10_2_t_logistics_i2_bl1,10,2,2,logistics,bl1,94.5019998550415,robot_1,50.96460247039795
test_10_2_t_logistics_i2_bl1,10,2,2,logistics,bl1,94.5019998550415,robot_2,85.50344467163086
test_10_2_t_logistics_i2_bl1,10,2,2,logistics,bl1,94.5019998550415,robot_3,82.42707443237305
test_10_2_t_logistics_i2_bl1,10,2,2,logistics,bl1,94.5019998550415,robot_4,90.04117727279663
test_10_2_t_logistics_i2_bl1,10,2,2,logistics,bl1,94.5019998550415,robot_5,94.5019998550415
test_10_2_t_logistics_i2_bl1,10,2,2,logistics,bl1,94.5019998550415,robot_6,74.96571826934814
test_10_2_t_logistics_i2_bl1,10,2,2,logistics,bl1,94.5019998550415,robot_7,83.96419620513916
test_10_2_t_logistics_i2_bl1,10,2,2,logistics,bl1,94.5019998550415,robot_8,94.5019998550415
test_10_2_t_logistics_i2_bl1,10,2,2,logistics,bl1,94.5019998550415,robot_9,94.5019998550415
test_10_2_t_logistics_i2_bl1,10,2,2,logistics,bl1,94.5019998550415,robot_10,94.5019998550415
test_10_2_t_logistics_i2_bl0,10,2,2,logistics,bl0,94.50201034545898,robot_1,50.96565580368042
test_10_2_t_logistics_i2_bl0,10,2,2,logistics,bl0,94.50201034545898,robot_2,85.50149154663086
test_10_2_t_logistics_i2_bl0,10,2,2,logistics,bl0,94.50201034545898,robot_3,94.50201034545898
test_10_2_t_logistics_i2_bl0,10,2,2,logistics,bl0,94.50201034545898,robot_4,90.04113578796387
test_10_2_t_logistics_i2_bl0,10,2,2,logistics,bl0,94.50201034545898,robot_5,74.96400809288025
test_10_2_t_logistics_i2_bl0,10,2,2,logistics,bl0,94.50201034545898,robot_6,82.42567706108093
test_10_2_t_logistics_i2_bl0,10,2,2,logistics,bl0,94.50201034545898,robot_7,83.9640474319458
test_10_2_t_logistics_i2_bl0,10,2,2,logistics,bl0,94.50201034545898,robot_8,94.50201034545898
test_10_2_t_logistics_i2_bl0,10,2,2,logistics,bl0,94.50201034545898,robot_9,94.50201034545898
test_10_2_t_logistics_i2_bl0,10,2,2,logistics,bl0,94.50201034545898,robot_10,94.50201034545898
test_5_20_t_cleaning_i0_bl2,5,20,0,cleaning,bl2,1003.502094745636,robot_1,434.6800801753998
test_5_20_t_cleaning_i0_bl2,5,20,0,cleaning,bl2,1003.502094745636,robot_2,607.1556911468506
test_5_20_t_cleaning_i0_bl2,5,20,0,cleaning,bl2,1003.502094745636,robot_3,989.9823296070099
test_5_20_t_cleaning_i0_bl2,5,20,0,cleaning,bl2,1003.502094745636,robot_4,976.4618570804596
test_5_20_t_cleaning_i0_bl2,5,20,0,cleaning,bl2,1003.502094745636,robot_5,980.9880113601685
test_2_2_t_cleaning_i2_bl1,2,2,2,cleaning,bl1,84.01055097579956,robot_1,28.502695560455322
test_2_2_t_cleaning_i2_bl1,2,2,2,cleaning,bl1,84.01055097579956,robot_2,55.50138306617737
test_5_2_t_logistics_i1_bl1,5,2,1,logistics,bl1,159.02246284484863,robot_1,83.94221901893616
test_5_2_t_logistics_i1_bl1,5,2,1,logistics,bl1,159.02246284484863,robot_2,116.98294806480408
test_5_2_t_logistics_i1_bl1,5,2,1,logistics,bl1,159.02246284484863,robot_3,145.50246953964233
test_5_2_t_logistics_i1_bl1,5,2,1,logistics,bl1,159.02246284484863,robot_4,128.98292350769043
test_5_2_t_logistics_i1_bl1,5,2,1,logistics,bl1,159.02246284484863,robot_5,159.02246284484863
test_5_2_t_cleaning_i1_bl0,5,2,1,cleaning,bl0,91.50205683708191,robot_1,91.50205683708191
test_5_2_t_cleaning_i1_bl0,5,2,1,cleaning,bl0,91.50205683708191,robot_2,67.50252079963684
test_5_2_t_cleaning_i1_bl0,5,2,1,cleaning,bl0,91.50205683708191,robot_3,50.98251748085022
test_5_2_t_cleaning_i1_bl0,5,2,1,cleaning,bl0,91.50205683708191,robot_4,79.50375413894653
test_5_2_t_cleaning_i1_bl0,5,2,1,cleaning,bl0,91.50205683708191,robot_5,77.9821207523346
test_2_10_t_agriculture_i2_bl1,2,10,2,agriculture,bl1,477.0106599330902,robot_1,151.43991923332214
test_2_10_t_agriculture_i2_bl1,2,10,2,agriculture,bl1,477.0106599330902,robot_2,316.417751789093
test_2_2_t_cleaning_i0_multi3,2,2,0,cleaning,multi3,82.50198030471802,robot_1,19.501518726348877
test_2_2_t_cleaning_i0_multi3,2,2,0,cleaning,multi3,82.50198030471802,robot_2,26.99501919746399
test_10_20_t_surveillance_i1_bl1,10,20,1,surveillance,bl1,879.0402789115906,robot_1,535.7451362609863
test_10_20_t_surveillance_i1_bl1,10,20,1,surveillance,bl1,879.0402789115906,robot_2,647.406801700592
test_10_20_t_surveillance_i1_bl1,10,20,1,surveillance,bl1,879.0402789115906,robot_3,684.817919254303
test_10_20_t_surveillance_i1_bl1,10,20,1,surveillance,bl1,879.0402789115906,robot_4,879.0402789115906
test_10_20_t_surveillance_i1_bl1,10,20,1,surveillance,bl1,879.0402789115906,robot_5,719.4113965034485
test_10_20_t_surveillance_i1_bl1,10,20,1,surveillance,bl1,879.0402789115906,robot_6,861.0312588214874
test_10_20_t_surveillance_i1_bl1,10,20,1,surveillance,bl1,879.0402789115906,robot_7,879.0402789115906
test_10_20_t_surveillance_i1_bl1,10,20,1,surveillance,bl1,879.0402789115906,robot_8,879.0402789115906
test_10_20_t_surveillance_i1_bl1,10,20,1,surveillance,bl1,879.0402789115906,robot_9,879.0402789115906
test_10_20_t_surveillance_i1_bl1,10,20,1,surveillance,bl1,879.0402789115906,robot_10,879.0402789115906
test_5_20_t_agriculture_i2_bl0,5,20,2,agriculture,bl0,927.0223042964935,robot_1,392.3162488937378
test_5_20_t_agriculture_i2_bl0,5,20,2,agriculture,bl0,927.0223042964935,robot_2,734.6743206977844
test_5_20_t_agriculture_i2_bl0,5,20,2,agriculture,bl0,927.0223042964935,robot_3,915.0223069190979
test_5_20_t_agriculture_i2_bl0,5,20,2,agriculture,bl0,927.0223042964935,robot_4,697.126829624176
test_5_20_t_agriculture_i2_bl0,5,20,2,agriculture,bl0,927.0223042964935,robot_5,927.0223042964935
test_5_10_t_surveillance_i2_bl0,5,10,2,surveillance,bl0,409.50212025642395,robot_1,200.7977375984192
test_5_10_t_surveillance_i2_bl0,5,10,2,surveillance,bl0,409.50212025642395,robot_2,244.30458641052246
test_5_10_t_surveillance_i2_bl0,5,10,2,surveillance,bl0,409.50212025642395,robot_3,403.5008113384247
test_5_10_t_surveillance_i2_bl0,5,10,2,surveillance,bl0,409.50212025642395,robot_4,396.023380279541
test_5_10_t_surveillance_i2_bl0,5,10,2,surveillance,bl0,409.50212025642395,robot_5,400.5019905567169
test_10_10_t_agriculture_i1_bl1,10,10,1,agriculture,bl1,417.0404670238495,robot_1,131.68313670158386
test_10_10_t_agriculture_i1_bl1,10,10,1,agriculture,bl1,417.0404670238495,robot_2,417.0404670238495
test_10_10_t_agriculture_i1_bl1,10,10,1,agriculture,bl1,417.0404670238495,robot_3,412.50224709510803
test_10_10_t_agriculture_i1_bl1,10,10,1,agriculture,bl1,417.0404670238495,robot_4,337.1995005607605
test_10_10_t_agriculture_i1_bl1,10,10,1,agriculture,bl1,417.0404670238495,robot_5,417.0404670238495
test_10_10_t_agriculture_i1_bl1,10,10,1,agriculture,bl1,417.0404670238495,robot_6,417.0404670238495
test_10_10_t_agriculture_i1_bl1,10,10,1,agriculture,bl1,417.0404670238495,robot_7,394.501256942749
test_10_10_t_agriculture_i1_bl1,10,10,1,agriculture,bl1,417.0404670238495,robot_8,411.04166555404663
test_10_10_t_agriculture_i1_bl1,10,10,1,agriculture,bl1,417.0404670238495,robot_9,412.5030071735382
test_10_10_t_agriculture_i1_bl1,10,10,1,agriculture,bl1,417.0404670238495,robot_10,400.50207138061523
test_5_10_t_cleaning_i1_bl2,5,10,1,cleaning,bl2,460.50207448005676,robot_1,197.86387991905212
test_5_10_t_cleaning_i1_bl2,5,10,1,cleaning,bl2,460.50207448005676,robot_2,301.34686732292175
test_5_10_t_cleaning_i1_bl2,5,10,1,cleaning,bl2,460.50207448005676,robot_3,433.5041778087616
test_5_10_t_cleaning_i1_bl2,5,10,1,cleaning,bl2,460.50207448005676,robot_4,460.50207448005676
test_5_10_t_cleaning_i1_bl2,5,10,1,cleaning,bl2,460.50207448005676,robot_5,433.5154972076416
test_2_20_t_cleaning_i2_multi3,2,20,2,cleaning,multi3,561.0088579654694,robot_1,3.0129215717315674
test_2_20_t_cleaning_i2_multi3,2,20,2,cleaning,multi3,561.0088579654694,robot_2,12.009413242340088
test_2_2_t_surveillance_i2_bl0,2,2,2,surveillance,bl0,117.0107204914093,robot_1,26.992085218429565
test_2_2_t_surveillance_i2_bl0,2,2,2,surveillance,bl0,117.0107204914093,robot_2,86.99348020553589
test_10_2_t_surveillance_i1_bl0,10,2,1,surveillance,bl0,109.50202989578247,robot_1,58.5174674987793
test_10_2_t_surveillance_i1_bl0,10,2,1,surveillance,bl0,109.50202989578247,robot_2,91.42583155632019
test_10_2_t_surveillance_i1_bl0,10,2,1,surveillance,bl0,109.50202989578247,robot_3,91.4265398979187
test_10_2_t_surveillance_i1_bl0,10,2,1,surveillance,bl0,109.50202989578247,robot_4,109.50202989578247
test_10_2_t_surveillance_i1_bl0,10,2,1,surveillance,bl0,109.50202989578247,robot_5,109.50202989578247
test_10_2_t_surveillance_i1_bl0,10,2,1,surveillance,bl0,109.50202989578247,robot_6,109.50202989578247
test_10_2_t_surveillance_i1_bl0,10,2,1,surveillance,bl0,109.50202989578247,robot_7,104.97779655456543
test_10_2_t_surveillance_i1_bl0,10,2,1,surveillance,bl0,109.50202989578247,robot_8,109.50202989578247
test_10_2_t_surveillance_i1_bl0,10,2,1,surveillance,bl0,109.50202989578247,robot_9,87.04125165939331
test_10_2_t_surveillance_i1_bl0,10,2,1,surveillance,bl0,109.50202989578247,robot_10,109.50202989578247
test_2_2_t_surveillance_i1_multi3,2,2,1,surveillance,multi3,82.50205826759338,robot_1,14.994813442230225
test_2_2_t_surveillance_i1_multi3,2,2,1,surveillance,multi3,82.50205826759338,robot_2,43.50231170654297
test_10_10_t_cleaning_i1_multi3,10,10,1,cleaning,multi3,69.04074168205261,robot_1,15.047897577285767
test_10_10_t_cleaning_i1_multi3,10,10,1,cleaning,multi3,69.04074168205261,robot_2,15.041586875915527
test_10_10_t_cleaning_i1_multi3,10,10,1,cleaning,multi3,69.04074168205261,robot_3,16.499898433685303
test_10_10_t_cleaning_i1_multi3,10,10,1,cleaning,multi3,69.04074168205261,robot_4,10.506396055221558
test_10_10_t_cleaning_i1_multi3,10,10,1,cleaning,multi3,69.04074168205261,robot_5,17.96479320526123
test_10_10_t_cleaning_i1_multi3,10,10,1,cleaning,multi3,69.04074168205261,robot_6,26.963167190551758
test_10_10_t_cleaning_i1_multi3,10,10,1,cleaning,multi3,69.04074168205261,robot_7,36.046170473098755
test_10_10_t_cleaning_i1_multi3,10,10,1,cleaning,multi3,69.04074168205261,robot_8,15.041586875915527
test_10_10_t_cleaning_i1_multi3,10,10,1,cleaning,multi3,69.04074168205261,robot_9,19.505846977233887
test_10_10_t_cleaning_i1_multi3,10,10,1,cleaning,multi3,69.04074168205261,robot_10,32.96376872062683
test_10_2_t_surveillance_i0_bl1,10,2,0,surveillance,bl1,118.50204944610596,robot_1,83.96430444717407
test_10_2_t_surveillance_i0_bl1,10,2,0,surveillance,bl1,118.50204944610596,robot_2,98.99043202400208
test_10_2_t_surveillance_i0_bl1,10,2,0,surveillance,bl1,118.50204944610596,robot_3,86.96403479576111
test_10_2_t_surveillance_i0_bl1,10,2,0,surveillance,bl1,118.50204944610596,robot_4,118.50204944610596
test_10_2_t_surveillance_i0_bl1,10,2,0,surveillance,bl1,118.50204944610596,robot_5,115.5011043548584
test_10_2_t_surveillance_i0_bl1,10,2,0,surveillance,bl1,118.50204944610596,robot_6,106.50289106369019
test_10_2_t_surveillance_i0_bl1,10,2,0,surveillance,bl1,118.50204944610596,robot_7,118.50204944610596
test_10_2_t_surveillance_i0_bl1,10,2,0,surveillance,bl1,118.50204944610596,robot_8,118.50204944610596
test_10_2_t_surveillance_i0_bl1,10,2,0,surveillance,bl1,118.50204944610596,robot_9,118.50204944610596
test_10_2_t_surveillance_i0_bl1,10,2,0,surveillance,bl1,118.50204944610596,robot_10,97.50311589241028
test_10_2_t_agriculture_i0_multi3,10,2,0,agriculture,multi3,88.5012137889862,robot_1,88.5012137889862
test_10_2_t_agriculture_i0_multi3,10,2,0,agriculture,multi3,88.5012137889862,robot_2,88.5012137889862
test_10_2_t_agriculture_i0_multi3,10,2,0,agriculture,multi3,88.5012137889862,robot_3,88.5012137889862
test_10_2_t_agriculture_i0_multi3,10,2,0,agriculture,multi3,88.5012137889862,robot_4,73.50043058395386
test_10_2_t_agriculture_i0_multi3,10,2,0,agriculture,multi3,88.5012137889862,robot_5,43.43314504623413
test_10_2_t_agriculture_i0_multi3,10,2,0,agriculture,multi3,88.5012137889862,robot_6,70.42661428451538
test_10_2_t_agriculture_i0_multi3,10,2,0,agriculture,multi3,88.5012137889862,robot_7,43.50733232498169
test_10_2_t_agriculture_i0_multi3,10,2,0,agriculture,multi3,88.5012137889862,robot_8,76.50162625312805
test_10_2_t_agriculture_i0_multi3,10,2,0,agriculture,multi3,88.5012137889862,robot_9,77.96995759010315
test_10_2_t_agriculture_i0_multi3,10,2,0,agriculture,multi3,88.5012137889862,robot_10,88.5012137889862
test_10_10_t_agriculture_i0_bl0,10,10,0,agriculture,bl0,460.50209951400757,robot_1,215.76167702674866
test_10_10_t_agriculture_i0_bl0,10,10,0,agriculture,bl0,460.50209951400757,robot_2,374.7423450946808
test_10_10_t_agriculture_i0_bl0,10,10,0,agriculture,bl0,460.50209951400757,robot_3,451.49710154533386
test_10_10_t_agriculture_i0_bl0,10,10,0,agriculture,bl0,460.50209951400757,robot_4,352.12350034713745
test_10_10_t_agriculture_i0_bl0,10,10,0,agriculture,bl0,460.50209951400757,robot_5,454.50255155563354
test_10_10_t_agriculture_i0_bl0,10,10,0,agriculture,bl0,460.50209951400757,robot_6,460.50209951400757
test_10_10_t_agriculture_i0_bl0,10,10,0,agriculture,bl0,460.50209951400757,robot_7,460.50209951400757
test_10_10_t_agriculture_i0_bl0,10,10,0,agriculture,bl0,460.50209951400757,robot_8,446.9643247127533
test_10_10_t_agriculture_i0_bl0,10,10,0,agriculture,bl0,460.50209951400757,robot_9,460.50209951400757
test_10_10_t_agriculture_i0_bl0,10,10,0,agriculture,bl0,460.50209951400757,robot_10,451.5023560523987
test_5_2_t_logistics_i0_bl0,5,2,0,logistics,bl0,168.02205300331116,robot_1,76.45583701133728
test_5_2_t_logistics_i0_bl0,5,2,0,logistics,bl0,168.02205300331116,robot_2,130.50156259536743
test_5_2_t_logistics_i0_bl0,5,2,0,logistics,bl0,168.02205300331116,robot_3,128.9820318222046
test_5_2_t_logistics_i0_bl0,5,2,0,logistics,bl0,168.02205300331116,robot_4,168.02205300331116
test_5_2_t_logistics_i0_bl0,5,2,0,logistics,bl0,168.02205300331116,robot_5,168.02205300331116
test_5_2_t_cleaning_i0_bl1,5,2,0,cleaning,bl1,121.50204825401306,robot_1,80.98411321640015
test_5_2_t_cleaning_i0_bl1,5,2,0,cleaning,bl1,121.50204825401306,robot_2,95.97957444190979
test_5_2_t_cleaning_i0_bl1,5,2,0,cleaning,bl1,121.50204825401306,robot_3,77.99651575088501
test_5_2_t_cleaning_i0_bl1,5,2,0,cleaning,bl1,121.50204825401306,robot_4,121.50204825401306
test_5_2_t_cleaning_i0_bl1,5,2,0,cleaning,bl1,121.50204825401306,robot_5,104.98168540000916
test_5_2_t_cleaning_i0_multi3,5,2,0,cleaning,multi3,81.0225043296814,robot_1,81.0225043296814
test_5_2_t_cleaning_i0_multi3,5,2,0,cleaning,multi3,81.0225043296814,robot_2,35.98184847831726
test_5_2_t_cleaning_i0_multi3,5,2,0,cleaning,multi3,81.0225043296814,robot_3,24.021689653396606
test_5_2_t_cleaning_i0_multi3,5,2,0,cleaning,multi3,81.0225043296814,robot_4,55.500471353530884
test_5_2_t_cleaning_i0_multi3,5,2,0,cleaning,multi3,81.0225043296814,robot_5,81.0225043296814
test_10_20_t_cleaning_i2_bl2,10,20,2,cleaning,bl2,823.502012014389,robot_1,38.965473890304565
test_10_20_t_cleaning_i2_bl2,10,20,2,cleaning,bl2,823.502012014389,robot_2,823.502012014389
test_10_20_t_cleaning_i2_bl2,10,20,2,cleaning,bl2,823.502012014389,robot_3,815.9646697044373
test_10_20_t_cleaning_i2_bl2,10,20,2,cleaning,bl2,823.502012014389,robot_4,806.9640481472015
test_10_20_t_cleaning_i2_bl2,10,20,2,cleaning,bl2,823.502012014389,robot_5,823.502012014389
test_10_20_t_cleaning_i2_bl2,10,20,2,cleaning,bl2,823.502012014389,robot_6,817.5024402141571
test_10_20_t_cleaning_i2_bl2,10,20,2,cleaning,bl2,823.502012014389,robot_7,823.502012014389
test_10_20_t_cleaning_i2_bl2,10,20,2,cleaning,bl2,823.502012014389,robot_8,823.502012014389
test_10_20_t_cleaning_i2_bl2,10,20,2,cleaning,bl2,823.502012014389,robot_9,823.502012014389
test_10_20_t_cleaning_i2_bl2,10,20,2,cleaning,bl2,823.502012014389,robot_10,813.0403220653534
test_10_20_t_surveillance_i0_bl0,10,20,0,surveillance,bl0,778.5021407604218,robot_1,192.88316917419434
test_10_20_t_surveillance_i0_bl0,10,20,0,surveillance,bl0,778.5021407604218,robot_2,602.3913667201996
test_10_20_t_surveillance_i0_bl0,10,20,0,surveillance,bl0,778.5021407604218,robot_3,764.9740250110626
test_10_20_t_surveillance_i0_bl0,10,20,0,surveillance,bl0,778.5021407604218,robot_4,778.5021407604218
test_10_20_t_surveillance_i0_bl0,10,20,0,surveillance,bl0,778.5021407604218,robot_5,778.5021407604218
test_10_20_t_surveillance_i0_bl0,10,20,0,surveillance,bl0,778.5021407604218,robot_6,778.5021407604218
test_10_20_t_surveillance_i0_bl0,10,20,0,surveillance,bl0,778.5021407604218,robot_7,771.033079624176
test_10_20_t_surveillance_i0_bl0,10,20,0,surveillance,bl0,778.5021407604218,robot_8,760.5022842884064
test_10_20_t_surveillance_i0_bl0,10,20,0,surveillance,bl0,778.5021407604218,robot_9,778.5021407604218
test_10_20_t_surveillance_i0_bl0,10,20,0,surveillance,bl0,778.5021407604218,robot_10,778.5021407604218
test_10_20_t_surveillance_i0_bl1,10,20,0,surveillance,bl1,778.5022222995758,robot_1,200.38989663124084
test_10_20_t_surveillance_i0_bl1,10,20,0,surveillance,bl1,778.5022222995758,robot_2,591.8671815395355
test_10_20_t_surveillance_i0_bl1,10,20,0,surveillance,bl1,778.5022222995758,robot_3,772.502610206604
test_10_20_t_surveillance_i0_bl1,10,20,0,surveillance,bl1,778.5022222995758,robot_4,769.503415107727
test_10_20_t_surveillance_i0_bl1,10,20,0,surveillance,bl1,778.5022222995758,robot_5,763.5025510787964
test_10_20_t_surveillance_i0_bl1,10,20,0,surveillance,bl1,778.5022222995758,robot_6,778.5022222995758
test_10_20_t_surveillance_i0_bl1,10,20,0,surveillance,bl1,778.5022222995758,robot_7,778.5022222995758
test_10_20_t_surveillance_i0_bl1,10,20,0,surveillance,bl1,778.5022222995758,robot_8,778.5022222995758
test_10_20_t_surveillance_i0_bl1,10,20,0,surveillance,bl1,778.5022222995758,robot_9,778.5022222995758
test_10_20_t_surveillance_i0_bl1,10,20,0,surveillance,bl1,778.5022222995758,robot_10,778.5022222995758
test_2_20_t_surveillance_i2_bl2,2,20,2,surveillance,bl2,780.0106372833252,robot_1,79.48487257957458
test_2_20_t_surveillance_i2_bl2,2,20,2,surveillance,bl2,780.0106372833252,robot_2,697.4851684570312
test_5_2_t_cleaning_i0_bl0,5,2,0,cleaning,bl0,102.02234077453613,robot_1,90.02363562583923
test_5_2_t_cleaning_i0_bl0,5,2,0,cleaning,bl0,102.02234077453613,robot_2,87.02258062362671
test_5_2_t_cleaning_i0_bl0,5,2,0,cleaning,bl0,102.02234077453613,robot_3,49.50759673118591
test_5_2_t_cleaning_i0_bl0,5,2,0,cleaning,bl0,102.02234077453613,robot_4,102.02234077453613
test_5_2_t_cleaning_i0_bl0,5,2,0,cleaning,bl0,102.02234077453613,robot_5,82.502192735672
test_5_2_t_logistics_i0_bl1,5,2,0,logistics,bl1,168.02210187911987,robot_1,88.46214509010315
test_5_2_t_logistics_i0_bl1,5,2,0,logistics,bl1,168.02210187911987,robot_2,112.46122312545776
test_5_2_t_logistics_i0_bl1,5,2,0,logistics,bl1,168.02210187911987,robot_3,156.02189826965332
test_5_2_t_logistics_i0_bl1,5,2,0,logistics,bl1,168.02210187911987,robot_4,168.02210187911987
test_5_2_t_logistics_i0_bl1,5,2,0,logistics,bl1,168.02210187911987,robot_5,144.02248430252075
test_10_10_t_agriculture_i0_bl1,10,10,0,agriculture,bl1,462.0411398410797,robot_1,230.81927943229675
test_10_10_t_agriculture_i0_bl1,10,10,0,agriculture,bl1,462.0411398410797,robot_2,385.2753756046295
test_10_10_t_agriculture_i0_bl1,10,10,0,agriculture,bl1,462.0411398410797,robot_3,453.0439496040344
test_10_10_t_agriculture_i0_bl1,10,10,0,agriculture,bl1,462.0411398410797,robot_4,353.6654088497162
test_10_10_t_agriculture_i0_bl1,10,10,0,agriculture,bl1,462.0411398410797,robot_5,445.50313806533813
test_10_10_t_agriculture_i0_bl1,10,10,0,agriculture,bl1,462.0411398410797,robot_6,462.0411398410797
test_10_10_t_agriculture_i0_bl1,10,10,0,agriculture,bl1,462.0411398410797,robot_7,442.50175976753235
test_10_10_t_agriculture_i0_bl1,10,10,0,agriculture,bl1,462.0411398410797,robot_8,450.04064655303955
test_10_10_t_agriculture_i0_bl1,10,10,0,agriculture,bl1,462.0411398410797,robot_9,462.0411398410797
test_10_10_t_agriculture_i0_bl1,10,10,0,agriculture,bl1,462.0411398410797,robot_10,462.0411398410797
test_5_20_t_cleaning_i1_bl2,5,20,1,cleaning,bl2,945.021767616272,robot_1,403.1860373020172
test_5_20_t_cleaning_i1_bl2,5,20,1,cleaning,bl2,945.021767616272,robot_2,868.4645054340363
test_5_20_t_cleaning_i1_bl2,5,20,1,cleaning,bl2,945.021767616272,robot_3,625.1606342792511
test_5_20_t_cleaning_i1_bl2,5,20,1,cleaning,bl2,945.021767616272,robot_4,927.0210995674133
test_5_20_t_cleaning_i1_bl2,5,20,1,cleaning,bl2,945.021767616272,robot_5,945.021767616272
test_10_2_t_surveillance_i2_multi3,10,2,2,surveillance,multi3,84.04075646400452,robot_1,84.04075646400452
test_10_2_t_surveillance_i2_multi3,10,2,2,surveillance,multi3,84.04075646400452,robot_2,84.04075646400452
test_10_2_t_surveillance_i2_multi3,10,2,2,surveillance,multi3,84.04075646400452,robot_3,55.5065758228302
test_10_2_t_surveillance_i2_multi3,10,2,2,surveillance,multi3,84.04075646400452,robot_4,70.51048445701599
test_10_2_t_surveillance_i2_multi3,10,2,2,surveillance,multi3,84.04075646400452,robot_5,84.04075646400452
test_10_2_t_surveillance_i2_multi3,10,2,2,surveillance,multi3,84.04075646400452,robot_6,84.04075646400452
test_10_2_t_surveillance_i2_multi3,10,2,2,surveillance,multi3,84.04075646400452,robot_7,67.50308871269226
test_10_2_t_surveillance_i2_multi3,10,2,2,surveillance,multi3,84.04075646400452,robot_8,31.42977023124695
test_10_2_t_surveillance_i2_multi3,10,2,2,surveillance,multi3,84.04075646400452,robot_9,70.50242900848389
test_10_2_t_surveillance_i2_multi3,10,2,2,surveillance,multi3,84.04075646400452,robot_10,69.04098606109619
test_10_10_t_surveillance_i0_multi3,10,10,0,surveillance,multi3,232.50210213661194,robot_1,193.50207376480103
test_10_10_t_surveillance_i0_multi3,10,10,0,surveillance,multi3,232.50210213661194,robot_2,199.5033676624298
test_10_10_t_surveillance_i0_multi3,10,10,0,surveillance,multi3,232.50210213661194,robot_3,175.4002809524536
test_10_10_t_surveillance_i0_multi3,10,10,0,surveillance,multi3,232.50210213661194,robot_4,226.50350403785706
test_10_10_t_surveillance_i0_multi3,10,10,0,surveillance,multi3,232.50210213661194,robot_5,125.80963253974915
test_10_10_t_surveillance_i0_multi3,10,10,0,surveillance,multi3,232.50210213661194,robot_6,121.34929966926575
test_10_10_t_surveillance_i0_multi3,10,10,0,surveillance,multi3,232.50210213661194,robot_7,172.40074372291565
test_10_10_t_surveillance_i0_multi3,10,10,0,surveillance,multi3,232.50210213661194,robot_8,199.5033676624298
test_10_10_t_surveillance_i0_multi3,10,10,0,surveillance,multi3,232.50210213661194,robot_9,197.99222612380981
test_10_10_t_surveillance_i0_multi3,10,10,0,surveillance,multi3,232.50210213661194,robot_10,196.42613863945007
test_10_2_t_agriculture_i2_bl2,10,2,2,agriculture,bl2,126.04086256027222,robot_1,73.42632389068604
test_10_2_t_agriculture_i2_bl2,10,2,2,agriculture,bl2,126.04086256027222,robot_2,82.42877840995789
test_10_2_t_agriculture_i2_bl2,10,2,2,agriculture,bl2,126.04086256027222,robot_3,118.50354290008545
test_10_2_t_agriculture_i2_bl2,10,2,2,agriculture,bl2,126.04086256027222,robot_4,126.04086256027222
test_10_2_t_agriculture_i2_bl2,10,2,2,agriculture,bl2,126.04086256027222,robot_5,126.04086256027222
test_10_2_t_agriculture_i2_bl2,10,2,2,agriculture,bl2,126.04086256027222,robot_6,112.50200533866882
test_10_2_t_agriculture_i2_bl2,10,2,2,agriculture,bl2,126.04086256027222,robot_7,126.04086256027222
test_10_2_t_agriculture_i2_bl2,10,2,2,agriculture,bl2,126.04086256027222,robot_8,126.04086256027222
test_10_2_t_agriculture_i2_bl2,10,2,2,agriculture,bl2,126.04086256027222,robot_9,126.04086256027222
test_10_2_t_agriculture_i2_bl2,10,2,2,agriculture,bl2,126.04086256027222,robot_10,111.03638410568237
test_10_2_t_surveillance_i0_bl0,10,2,0,surveillance,bl0,123.04048490524292,robot_1,88.50389385223389
test_10_2_t_surveillance_i0_bl0,10,2,0,surveillance,bl0,123.04048490524292,robot_2,92.96548366546631
test_10_2_t_surveillance_i0_bl0,10,2,0,surveillance,bl0,123.04048490524292,robot_3,112.50185203552246
test_10_2_t_surveillance_i0_bl0,10,2,0,surveillance,bl0,123.04048490524292,robot_4,123.04048490524292
test_10_2_t_surveillance_i0_bl0,10,2,0,surveillance,bl0,123.04048490524292,robot_5,123.04048490524292
test_10_2_t_surveillance_i0_bl0,10,2,0,surveillance,bl0,123.04048490524292,robot_6,111.0387830734253
test_10_2_t_surveillance_i0_bl0,10,2,0,surveillance,bl0,123.04048490524292,robot_7,123.04048490524292
test_10_2_t_surveillance_i0_bl0,10,2,0,surveillance,bl0,123.04048490524292,robot_8,123.04048490524292
test_10_2_t_surveillance_i0_bl0,10,2,0,surveillance,bl0,123.04048490524292,robot_9,108.03981709480286
test_10_2_t_surveillance_i0_bl0,10,2,0,surveillance,bl0,123.04048490524292,robot_10,103.50210213661194
test_5_10_t_cleaning_i0_bl2,5,10,0,cleaning,bl2,406.5019702911377,robot_1,304.3836348056793
test_5_10_t_cleaning_i0_bl2,5,10,0,cleaning,bl2,406.5019702911377,robot_2,158.86199522018433
test_5_10_t_cleaning_i0_bl2,5,10,0,cleaning,bl2,406.5019702911377,robot_3,386.98208808898926
test_5_10_t_cleaning_i0_bl2,5,10,0,cleaning,bl2,406.5019702911377,robot_4,361.4617111682892
test_5_10_t_cleaning_i0_bl2,5,10,0,cleaning,bl2,406.5019702911377,robot_5,406.5019702911377
test_5_10_t_cleaning_i0_bl0,5,10,0,cleaning,bl0,403.5020468235016,robot_1,293.874618768692
test_5_10_t_cleaning_i0_bl0,5,10,0,cleaning,bl0,403.5020468235016,robot_2,149.8599669933319
test_5_10_t_cleaning_i0_bl0,5,10,0,cleaning,bl0,403.5020468235016,robot_3,396.0237889289856
test_5_10_t_cleaning_i0_bl0,5,10,0,cleaning,bl0,403.5020468235016,robot_4,383.98193621635437
test_5_10_t_cleaning_i0_bl0,5,10,0,cleaning,bl0,403.5020468235016,robot_5,376.4753086566925
test_10_2_t_surveillance_i0_bl2,10,2,0,surveillance,bl2,118.50207877159119,robot_1,83.96209645271301
test_10_2_t_surveillance_i0_bl2,10,2,0,surveillance,bl2,118.50207877159119,robot_2,88.45189881324768
test_10_2_t_surveillance_i0_bl2,10,2,0,surveillance,bl2,118.50207877159119,robot_3,94.50351810455322
test_10_2_t_surveillance_i0_bl2,10,2,0,surveillance,bl2,118.50207877159119,robot_4,106.5028383731842
test_10_2_t_surveillance_i0_bl2,10,2,0,surveillance,bl2,118.50207877159119,robot_5,118.50207877159119
test_10_2_t_surveillance_i0_bl2,10,2,0,surveillance,bl2,118.50207877159119,robot_6,118.50207877159119
test_10_2_t_surveillance_i0_bl2,10,2,0,surveillance,bl2,118.50207877159119,robot_7,118.50207877159119
test_10_2_t_surveillance_i0_bl2,10,2,0,surveillance,bl2,118.50207877159119,robot_8,118.50207877159119
test_10_2_t_surveillance_i0_bl2,10,2,0,surveillance,bl2,118.50207877159119,robot_9,118.50207877159119
test_10_2_t_surveillance_i0_bl2,10,2,0,surveillance,bl2,118.50207877159119,robot_10,98.96312832832336
test_10_2_t_agriculture_i2_bl0,10,2,2,agriculture,bl0,127.5020363330841,robot_1,71.88731741905212
test_10_2_t_agriculture_i2_bl0,10,2,2,agriculture,bl0,127.5020363330841,robot_2,97.4454185962677
test_10_2_t_agriculture_i2_bl0,10,2,2,agriculture,bl0,127.5020363330841,robot_3,124.50052261352539
test_10_2_t_agriculture_i2_bl0,10,2,2,agriculture,bl0,127.5020363330841,robot_4,115.50165939331055
test_10_2_t_agriculture_i2_bl0,10,2,2,agriculture,bl0,127.5020363330841,robot_5,104.98890733718872
test_10_2_t_agriculture_i2_bl0,10,2,2,agriculture,bl0,127.5020363330841,robot_6,127.5020363330841
test_10_2_t_agriculture_i2_bl0,10,2,2,agriculture,bl0,127.5020363330841,robot_7,114.04240322113037
test_10_2_t_agriculture_i2_bl0,10,2,2,agriculture,bl0,127.5020363330841,robot_8,127.5020363330841
test_10_2_t_agriculture_i2_bl0,10,2,2,agriculture,bl0,127.5020363330841,robot_9,127.5020363330841
test_10_2_t_agriculture_i2_bl0,10,2,2,agriculture,bl0,127.5020363330841,robot_10,127.5020363330841
test_5_20_t_cleaning_i1_bl0,5,20,1,cleaning,bl0,930.0216462612152,robot_1,362.6643695831299
test_5_20_t_cleaning_i1_bl0,5,20,1,cleaning,bl0,930.0216462612152,robot_2,899.9836292266846
test_5_20_t_cleaning_i1_bl0,5,20,1,cleaning,bl0,930.0216462612152,robot_3,629.6695778369904
test_5_20_t_cleaning_i1_bl0,5,20,1,cleaning,bl0,930.0216462612152,robot_4,895.5061566829681
test_5_20_t_cleaning_i1_bl0,5,20,1,cleaning,bl0,930.0216462612152,robot_5,910.502194404602
test_5_2_t_cleaning_i0_bl2,5,2,0,cleaning,bl2,103.50135922431946,robot_1,68.98549890518188
test_5_2_t_cleaning_i0_bl2,5,2,0,cleaning,bl2,103.50135922431946,robot_2,75.02349328994751
test_5_2_t_cleaning_i0_bl2,5,2,0,cleaning,bl2,103.50135922431946,robot_3,62.982187271118164
test_5_2_t_cleaning_i0_bl2,5,2,0,cleaning,bl2,103.50135922431946,robot_4,103.50135922431946
test_5_2_t_cleaning_i0_bl2,5,2,0,cleaning,bl2,103.50135922431946,robot_5,103.50135922431946
test_2_20_t_surveillance_i2_bl0,2,20,2,surveillance,bl0,781.502165555954,robot_1,59.97743773460388
test_2_20_t_surveillance_i2_bl0,2,20,2,surveillance,bl0,781.502165555954,robot_2,719.9784677028656
test_10_20_t_cleaning_i2_bl1,10,20,2,cleaning,bl1,820.5021579265594,robot_1,35.967331647872925
test_10_20_t_cleaning_i2_bl1,10,20,2,cleaning,bl1,820.5021579265594,robot_2,820.5021579265594
test_10_20_t_cleaning_i2_bl1,10,20,2,cleaning,bl1,820.5021579265594,robot_3,820.5021579265594
test_10_20_t_cleaning_i2_bl1,10,20,2,cleaning,bl1,820.5021579265594,robot_4,802.5004506111145
test_10_20_t_cleaning_i2_bl1,10,20,2,cleaning,bl1,820.5021579265594,robot_5,820.5021579265594
test_10_20_t_cleaning_i2_bl1,10,20,2,cleaning,bl1,820.5021579265594,robot_6,820.5021579265594
test_10_20_t_cleaning_i2_bl1,10,20,2,cleaning,bl1,820.5021579265594,robot_7,810.0415554046631
test_10_20_t_cleaning_i2_bl1,10,20,2,cleaning,bl1,820.5021579265594,robot_8,820.5021579265594
test_10_20_t_cleaning_i2_bl1,10,20,2,cleaning,bl1,820.5021579265594,robot_9,809.9641878604889
test_10_20_t_cleaning_i2_bl1,10,20,2,cleaning,bl1,820.5021579265594,robot_10,820.5021579265594
test_10_20_t_surveillance_i0_bl2,10,20,0,surveillance,bl2,775.502245426178,robot_1,200.36898708343506
test_10_20_t_surveillance_i0_bl2,10,20,0,surveillance,bl2,775.502245426178,robot_2,611.3731205463409
test_10_20_t_surveillance_i0_bl2,10,20,0,surveillance,bl2,775.502245426178,robot_3,766.5266342163086
test_10_20_t_surveillance_i0_bl2,10,20,0,surveillance,bl2,775.502245426178,robot_4,764.9644799232483
test_10_20_t_surveillance_i0_bl2,10,20,0,surveillance,bl2,775.502245426178,robot_5,761.9638919830322
test_10_20_t_surveillance_i0_bl2,10,20,0,surveillance,bl2,775.502245426178,robot_6,775.502245426178
test_10_20_t_surveillance_i0_bl2,10,20,0,surveillance,bl2,775.502245426178,robot_7,768.0181665420532
test_10_20_t_surveillance_i0_bl2,10,20,0,surveillance,bl2,775.502245426178,robot_8,775.502245426178
test_10_20_t_surveillance_i0_bl2,10,20,0,surveillance,bl2,775.502245426178,robot_9,757.5077772140503
test_10_20_t_surveillance_i0_bl2,10,20,0,surveillance,bl2,775.502245426178,robot_10,775.502245426178
test_2_20_t_surveillance_i2_bl1,2,20,2,surveillance,bl1,780.010644197464,robot_1,73.48532247543335
test_2_20_t_surveillance_i2_bl1,2,20,2,surveillance,bl1,780.010644197464,robot_2,709.486172914505
test_10_20_t_cleaning_i2_bl0,10,20,2,cleaning,bl0,822.0401456356049,robot_1,57.04124450683594
test_10_20_t_cleaning_i2_bl0,10,20,2,cleaning,bl0,822.0401456356049,robot_2,805.5044379234314
test_10_20_t_cleaning_i2_bl0,10,20,2,cleaning,bl0,822.0401456356049,robot_3,813.0406322479248
test_10_20_t_cleaning_i2_bl0,10,20,2,cleaning,bl0,822.0401456356049,robot_4,816.0401723384857
test_10_20_t_cleaning_i2_bl0,10,20,2,cleaning,bl0,822.0401456356049,robot_5,802.5028467178345
test_10_20_t_cleaning_i2_bl0,10,20,2,cleaning,bl0,822.0401456356049,robot_6,822.0401456356049
test_10_20_t_cleaning_i2_bl0,10,20,2,cleaning,bl0,822.0401456356049,robot_7,822.0401456356049
test_10_20_t_cleaning_i2_bl0,10,20,2,cleaning,bl0,822.0401456356049,robot_8,811.5015230178833
test_10_20_t_cleaning_i2_bl0,10,20,2,cleaning,bl0,822.0401456356049,robot_9,822.0401456356049
test_10_20_t_cleaning_i2_bl0,10,20,2,cleaning,bl0,822.0401456356049,robot_10,822.0401456356049
test_5_2_t_logistics_i0_bl2,5,2,0,logistics,bl2,171.02229928970337,robot_1,104.9831690788269
test_5_2_t_logistics_i0_bl2,5,2,0,logistics,bl2,171.02229928970337,robot_2,131.98104739189148
test_5_2_t_logistics_i0_bl2,5,2,0,logistics,bl2,171.02229928970337,robot_3,152.9826798439026
test_5_2_t_logistics_i0_bl2,5,2,0,logistics,bl2,171.02229928970337,robot_4,140.99321937561035
test_5_2_t_logistics_i0_bl2,5,2,0,logistics,bl2,171.02229928970337,robot_5,146.98219084739685
test_2_20_t_agriculture_i1_multi3,2,20,1,agriculture,multi3,538.5022222995758,robot_1,19.501669883728027
test_2_20_t_agriculture_i1_multi3,2,20,1,agriculture,multi3,538.5022222995758,robot_2,52.46840167045593
test_10_10_t_agriculture_i0_bl2,10,10,0,agriculture,bl2,462.01687121391296,robot_1,230.79169297218323
test_10_10_t_agriculture_i0_bl2,10,10,0,agriculture,bl2,462.01687121391296,robot_2,385.25303959846497
test_10_10_t_agriculture_i0_bl2,10,10,0,agriculture,bl2,462.01687121391296,robot_3,453.01514625549316
test_10_10_t_agriculture_i0_bl2,10,10,0,agriculture,bl2,462.01687121391296,robot_4,356.64219546318054
test_10_10_t_agriculture_i0_bl2,10,10,0,agriculture,bl2,462.01687121391296,robot_5,442.478994846344
test_10_10_t_agriculture_i0_bl2,10,10,0,agriculture,bl2,462.01687121391296,robot_6,462.01687121391296
test_10_10_t_agriculture_i0_bl2,10,10,0,agriculture,bl2,462.01687121391296,robot_7,450.0416555404663
test_10_10_t_agriculture_i0_bl2,10,10,0,agriculture,bl2,462.01687121391296,robot_8,451.47858119010925
test_10_10_t_agriculture_i0_bl2,10,10,0,agriculture,bl2,462.01687121391296,robot_9,462.01687121391296
test_10_10_t_agriculture_i0_bl2,10,10,0,agriculture,bl2,462.01687121391296,robot_10,453.0146641731262
test_5_20_t_cleaning_i1_bl1,5,20,1,cleaning,bl1,924.0223844051361,robot_1,346.15746903419495
test_5_20_t_cleaning_i1_bl1,5,20,1,cleaning,bl1,924.0223844051361,robot_2,924.0223844051361
test_5_20_t_cleaning_i1_bl1,5,20,1,cleaning,bl1,924.0223844051361,robot_3,665.7032790184021
test_5_20_t_cleaning_i1_bl1,5,20,1,cleaning,bl1,924.0223844051361,robot_4,847.463790178299
test_5_20_t_cleaning_i1_bl1,5,20,1,cleaning,bl1,924.0223844051361,robot_5,882.0220851898193
test_10_10_t_agriculture_i2_multi3,10,10,2,agriculture,multi3,135.04159927368164,robot_1,37.50630474090576
test_10_10_t_agriculture_i2_multi3,10,10,2,agriculture,multi3,135.04159927368164,robot_2,106.5286192893982
test_10_10_t_agriculture_i2_multi3,10,10,2,agriculture,multi3,135.04159927368164,robot_3,88.50402784347534
test_10_10_t_agriculture_i2_multi3,10,10,2,agriculture,multi3,135.04159927368164,robot_4,122.9682343006134
test_10_10_t_agriculture_i2_multi3,10,10,2,agriculture,multi3,135.04159927368164,robot_5,85.50405621528625
test_10_10_t_agriculture_i2_multi3,10,10,2,agriculture,multi3,135.04159927368164,robot_6,28.50582981109619
test_10_10_t_agriculture_i2_multi3,10,10,2,agriculture,multi3,135.04159927368164,robot_7,82.50426197052002
test_10_10_t_agriculture_i2_multi3,10,10,2,agriculture,multi3,135.04159927368164,robot_8,66.04438591003418
test_10_10_t_agriculture_i2_multi3,10,10,2,agriculture,multi3,135.04159927368164,robot_9,98.96536636352539
test_10_10_t_agriculture_i2_multi3,10,10,2,agriculture,multi3,135.04159927368164,robot_10,91.53010678291321
test_10_2_t_agriculture_i2_bl1,10,2,2,agriculture,bl1,127.50196719169617,robot_1,53.89242339134216
test_10_2_t_agriculture_i2_bl1,10,2,2,agriculture,bl1,127.50196719169617,robot_2,101.96683359146118
test_10_2_t_agriculture_i2_bl1,10,2,2,agriculture,bl1,127.50196719169617,robot_3,124.5018880367279
test_10_2_t_agriculture_i2_bl1,10,2,2,agriculture,bl1,127.50196719169617,robot_4,127.50196719169617
test_10_2_t_agriculture_i2_bl1,10,2,2,agriculture,bl1,127.50196719169617,robot_5,104.963791847229
test_10_2_t_agriculture_i2_bl1,10,2,2,agriculture,bl1,127.50196719169617,robot_6,127.50196719169617
test_10_2_t_agriculture_i2_bl1,10,2,2,agriculture,bl1,127.50196719169617,robot_7,127.50196719169617
test_10_2_t_agriculture_i2_bl1,10,2,2,agriculture,bl1,127.50196719169617,robot_8,127.50196719169617
test_10_2_t_agriculture_i2_bl1,10,2,2,agriculture,bl1,127.50196719169617,robot_9,127.50196719169617
test_10_2_t_agriculture_i2_bl1,10,2,2,agriculture,bl1,127.50196719169617,robot_10,122.96391916275024
test_2_20_t_logistics_i2_multi3,2,20,2,logistics,multi3,939.0105991363525,robot_1,352.42509484291077
test_2_20_t_logistics_i2_multi3,2,20,2,logistics,multi3,939.0105991363525,robot_2,340.40092515945435
test_5_10_t_cleaning_i0_bl1,5,10,0,cleaning,bl1,411.02158093452454,robot_1,311.90746688842773
test_5_10_t_cleaning_i0_bl1,5,10,0,cleaning,bl1,411.02158093452454,robot_2,169.3670735359192
test_5_10_t_cleaning_i0_bl1,5,10,0,cleaning,bl1,411.02158093452454,robot_3,385.50108432769775
test_5_10_t_cleaning_i0_bl1,5,10,0,cleaning,bl1,411.02158093452454,robot_4,367.5052604675293
test_5_10_t_cleaning_i0_bl1,5,10,0,cleaning,bl1,411.02158093452454,robot_5,397.5015377998352
test_5_2_t_agriculture_i2_bl2,5,2,2,agriculture,bl2,114.02202415466309,robot_1,71.94139194488525
test_5_2_t_agriculture_i2_bl2,5,2,2,agriculture,bl2,114.02202415466309,robot_2,103.50112128257751
test_5_2_t_agriculture_i2_bl2,5,2,2,agriculture,bl2,114.02202415466309,robot_3,85.5011055469513
test_5_2_t_agriculture_i2_bl2,5,2,2,agriculture,bl2,114.02202415466309,robot_4,100.50097393989563
test_5_2_t_agriculture_i2_bl2,5,2,2,agriculture,bl2,114.02202415466309,robot_5,91.50141382217407
test_5_2_t_surveillance_i0_bl1,5,2,0,surveillance,bl1,81.02178692817688,robot_1,35.991934061050415
test_5_2_t_surveillance_i0_bl1,5,2,0,surveillance,bl1,81.02178692817688,robot_2,67.50098967552185
test_5_2_t_surveillance_i0_bl1,5,2,0,surveillance,bl1,81.02178692817688,robot_3,69.0218460559845
test_5_2_t_surveillance_i0_bl1,5,2,0,surveillance,bl1,81.02178692817688,robot_4,68.98220872879028
test_5_2_t_surveillance_i0_bl1,5,2,0,surveillance,bl1,81.02178692817688,robot_5,74.9840247631073
test_2_10_t_surveillance_i1_bl1,2,10,1,surveillance,bl1,474.0097930431366,robot_1,58.468074798583984
test_2_10_t_surveillance_i1_bl1,2,10,1,surveillance,bl1,474.0097930431366,robot_2,412.4677155017853
test_2_20_t_agriculture_i0_bl1,2,20,0,agriculture,bl1,856.5021395683289,robot_1,73.45145797729492
test_2_20_t_agriculture_i0_bl1,2,20,0,agriculture,bl1,856.5021395683289,robot_2,781.4544160366058
test_5_10_t_logistics_i1_bl1,5,10,1,logistics,bl1,616.5020952224731,robot_1,251.6829559803009
test_5_10_t_logistics_i1_bl1,5,10,1,logistics,bl1,616.5020952224731,robot_2,425.6616690158844
test_5_10_t_logistics_i1_bl1,5,10,1,logistics,bl1,616.5020952224731,robot_3,599.98193192482
test_5_10_t_logistics_i1_bl1,5,10,1,logistics,bl1,616.5020952224731,robot_4,598.5017833709717
test_5_10_t_logistics_i1_bl1,5,10,1,logistics,bl1,616.5020952224731,robot_5,583.5051820278168
test_5_10_t_agriculture_i0_bl0,5,10,0,agriculture,bl0,487.5020890235901,robot_1,367.29942893981934
test_5_10_t_agriculture_i0_bl0,5,10,0,agriculture,bl0,487.5020890235901,robot_2,304.1449875831604
test_5_10_t_agriculture_i0_bl0,5,10,0,agriculture,bl0,487.5020890235901,robot_3,316.34294414520264
test_5_10_t_agriculture_i0_bl0,5,10,0,agriculture,bl0,487.5020890235901,robot_4,463.4610755443573
test_5_10_t_agriculture_i0_bl0,5,10,0,agriculture,bl0,487.5020890235901,robot_5,469.5014810562134
test_10_2_t_surveillance_i1_multi3,10,2,1,surveillance,multi3,78.04060125350952,robot_1,78.04060125350952
test_10_2_t_surveillance_i1_multi3,10,2,1,surveillance,multi3,78.04060125350952,robot_2,60.04034423828125
test_10_2_t_surveillance_i1_multi3,10,2,1,surveillance,multi3,78.04060125350952,robot_3,78.04060125350952
test_10_2_t_surveillance_i1_multi3,10,2,1,surveillance,multi3,78.04060125350952,robot_4,78.04060125350952
test_10_2_t_surveillance_i1_multi3,10,2,1,surveillance,multi3,78.04060125350952,robot_5,78.04060125350952
test_10_2_t_surveillance_i1_multi3,10,2,1,surveillance,multi3,78.04060125350952,robot_6,46.5025839805603
test_10_2_t_surveillance_i1_multi3,10,2,1,surveillance,multi3,78.04060125350952,robot_7,43.529601097106934
test_10_2_t_surveillance_i1_multi3,10,2,1,surveillance,multi3,78.04060125350952,robot_8,66.06441259384155
test_10_2_t_surveillance_i1_multi3,10,2,1,surveillance,multi3,78.04060125350952,robot_9,58.50529193878174
test_10_2_t_surveillance_i1_multi3,10,2,1,surveillance,multi3,78.04060125350952,robot_10,64.5029137134552
test_10_20_t_logistics_i1_bl0,10,20,1,logistics,bl0,1069.502082824707,robot_1,583.6471326351166
test_10_20_t_logistics_i1_bl0,10,20,1,logistics,bl0,1069.502082824707,robot_2,688.6719222068787
test_10_20_t_logistics_i1_bl0,10,20,1,logistics,bl0,1069.502082824707,robot_3,872.200742483139
test_10_20_t_logistics_i1_bl0,10,20,1,logistics,bl0,1069.502082824707,robot_4,1069.502082824707
test_10_20_t_logistics_i1_bl0,10,20,1,logistics,bl0,1069.502082824707,robot_5,1052.9639344215393
test_10_20_t_logistics_i1_bl0,10,20,1,logistics,bl0,1069.502082824707,robot_6,1060.503273487091
test_10_20_t_logistics_i1_bl0,10,20,1,logistics,bl0,1069.502082824707,robot_7,1069.502082824707
test_10_20_t_logistics_i1_bl0,10,20,1,logistics,bl0,1069.502082824707,robot_8,1054.503900051117
test_10_20_t_logistics_i1_bl0,10,20,1,logistics,bl0,1069.502082824707,robot_9,1055.963699579239
test_10_20_t_logistics_i1_bl0,10,20,1,logistics,bl0,1069.502082824707,robot_10,1069.502082824707
test_2_10_t_logistics_i0_bl0,2,10,0,logistics,bl0,583.5020802021027,robot_1,341.8515610694885
test_2_10_t_logistics_i0_bl0,2,10,0,logistics,bl0,583.5020802021027,robot_2,209.84005904197693
test_2_20_t_cleaning_i2_bl2,2,20,2,cleaning,bl2,891.0103459358215,robot_1,56.99366092681885
test_2_20_t_cleaning_i2_bl2,2,20,2,cleaning,bl2,891.0103459358215,robot_2,832.4841959476471
test_5_2_t_agriculture_i0_multi3,5,2,0,agriculture,multi3,66.0224301815033,robot_1,28.503506422042847
test_5_2_t_agriculture_i0_multi3,5,2,0,agriculture,multi3,66.0224301815033,robot_2,51.02064347267151
test_5_2_t_agriculture_i0_multi3,5,2,0,agriculture,multi3,66.0224301815033,robot_3,52.501487255096436
test_5_2_t_agriculture_i0_multi3,5,2,0,agriculture,multi3,66.0224301815033,robot_4,37.50233721733093
test_5_2_t_agriculture_i0_multi3,5,2,0,agriculture,multi3,66.0224301815033,robot_5,49.50309348106384
test_2_10_t_logistics_i0_bl1,2,10,0,logistics,bl1,582.0109136104584,robot_1,334.35487818717957
test_2_10_t_logistics_i0_bl1,2,10,0,logistics,bl1,582.0109136104584,robot_2,212.83529043197632
test_10_20_t_logistics_i1_bl1,10,20,1,logistics,bl1,1071.0403430461884,robot_1,586.5934414863586
test_10_20_t_logistics_i1_bl1,10,20,1,logistics,bl1,1071.0403430461884,robot_2,703.7041952610016
test_10_20_t_logistics_i1_bl1,10,20,1,logistics,bl1,1071.0403430461884,robot_3,882.8162145614624
test_10_20_t_logistics_i1_bl1,10,20,1,logistics,bl1,1071.0403430461884,robot_4,1071.0403430461884
test_10_20_t_logistics_i1_bl1,10,20,1,logistics,bl1,1071.0403430461884,robot_5,1039.501536846161
test_10_20_t_logistics_i1_bl1,10,20,1,logistics,bl1,1071.0403430461884,robot_6,1057.5024209022522
test_10_20_t_logistics_i1_bl1,10,20,1,logistics,bl1,1071.0403430461884,robot_7,1071.0403430461884
test_10_20_t_logistics_i1_bl1,10,20,1,logistics,bl1,1071.0403430461884,robot_8,1071.0403430461884
test_10_20_t_logistics_i1_bl1,10,20,1,logistics,bl1,1071.0403430461884,robot_9,1057.5020599365234
test_10_20_t_logistics_i1_bl1,10,20,1,logistics,bl1,1071.0403430461884,robot_10,1071.0403430461884
test_5_10_t_agriculture_i0_bl1,5,10,0,agriculture,bl1,487.5021834373474,robot_1,379.30069613456726
test_5_10_t_agriculture_i0_bl1,5,10,0,agriculture,bl1,487.5021834373474,robot_2,319.19664311408997
test_5_10_t_agriculture_i0_bl1,5,10,0,agriculture,bl1,487.5021834373474,robot_3,305.8290183544159
test_5_10_t_agriculture_i0_bl1,5,10,0,agriculture,bl1,487.5021834373474,robot_4,461.99456310272217
test_5_10_t_agriculture_i0_bl1,5,10,0,agriculture,bl1,487.5021834373474,robot_5,454.46253657341003
test_5_10_t_logistics_i1_bl0,5,10,1,logistics,bl0,616.5020582675934,robot_1,211.15072202682495
test_5_10_t_logistics_i1_bl0,5,10,1,logistics,bl0,616.5020582675934,robot_2,427.1529083251953
test_5_10_t_logistics_i1_bl0,5,10,1,logistics,bl0,616.5020582675934,robot_3,607.503723859787
test_5_10_t_logistics_i1_bl0,5,10,1,logistics,bl0,616.5020582675934,robot_4,616.5020582675934
test_5_10_t_logistics_i1_bl0,5,10,1,logistics,bl0,616.5020582675934,robot_5,601.5018467903137
test_10_2_t_cleaning_i0_multi3,10,2,0,cleaning,multi3,45.03991222381592,robot_1,45.03991222381592
test_10_2_t_cleaning_i0_multi3,10,2,0,cleaning,multi3,45.03991222381592,robot_2,45.03991222381592
test_10_2_t_cleaning_i0_multi3,10,2,0,cleaning,multi3,45.03991222381592,robot_3,31.502387046813965
test_10_2_t_cleaning_i0_multi3,10,2,0,cleaning,multi3,45.03991222381592,robot_4,31.501932621002197
test_10_2_t_cleaning_i0_multi3,10,2,0,cleaning,multi3,45.03991222381592,robot_5,30.039700508117676
test_10_2_t_cleaning_i0_multi3,10,2,0,cleaning,multi3,45.03991222381592,robot_6,45.03991222381592
test_10_2_t_cleaning_i0_multi3,10,2,0,cleaning,multi3,45.03991222381592,robot_7,45.03991222381592
test_10_2_t_cleaning_i0_multi3,10,2,0,cleaning,multi3,45.03991222381592,robot_8,10.502254962921143
test_10_2_t_cleaning_i0_multi3,10,2,0,cleaning,multi3,45.03991222381592,robot_9,45.03991222381592
test_10_2_t_cleaning_i0_multi3,10,2,0,cleaning,multi3,45.03991222381592,robot_10,33.04248309135437
test_2_20_t_agriculture_i0_bl0,2,20,0,agriculture,bl0,853.5020248889923,robot_1,38.961336851119995
test_2_20_t_agriculture_i0_bl0,2,20,0,agriculture,bl0,853.5020248889923,robot_2,811.4691698551178
test_2_10_t_surveillance_i1_bl0,2,10,1,surveillance,bl0,474.0104923248291,robot_1,37.46731424331665
test_2_10_t_surveillance_i1_bl0,2,10,1,surveillance,bl0,474.0104923248291,robot_2,433.4855709075928
test_5_20_t_surveillance_i0_bl2,5,20,0,surveillance,bl2,891.0224957466125,robot_1,570.8698890209198
test_5_20_t_surveillance_i0_bl2,5,20,0,surveillance,bl2,891.0224957466125,robot_2,704.6329052448273
test_5_20_t_surveillance_i0_bl2,5,20,0,surveillance,bl2,891.0224957466125,robot_3,501.82034730911255
test_5_20_t_surveillance_i0_bl2,5,20,0,surveillance,bl2,891.0224957466125,robot_4,851.9821820259094
test_5_20_t_surveillance_i0_bl2,5,20,0,surveillance,bl2,891.0224957466125,robot_5,881.9821951389313
test_10_2_t_cleaning_i1_bl2,10,2,1,cleaning,bl2,111.037024974823,robot_1,41.968628883361816
test_10_2_t_cleaning_i1_bl2,10,2,1,cleaning,bl2,111.037024974823,robot_2,99.03699946403503
test_10_2_t_cleaning_i1_bl2,10,2,1,cleaning,bl2,111.037024974823,robot_3,111.037024974823
test_10_2_t_cleaning_i1_bl2,10,2,1,cleaning,bl2,111.037024974823,robot_4,111.037024974823
test_10_2_t_cleaning_i1_bl2,10,2,1,cleaning,bl2,111.037024974823,robot_5,93.03754496574402
test_10_2_t_cleaning_i1_bl2,10,2,1,cleaning,bl2,111.037024974823,robot_6,94.49843168258667
test_10_2_t_cleaning_i1_bl2,10,2,1,cleaning,bl2,111.037024974823,robot_7,111.037024974823
test_10_2_t_cleaning_i1_bl2,10,2,1,cleaning,bl2,111.037024974823,robot_8,111.037024974823
test_10_2_t_cleaning_i1_bl2,10,2,1,cleaning,bl2,111.037024974823,robot_9,111.037024974823
test_10_2_t_cleaning_i1_bl2,10,2,1,cleaning,bl2,111.037024974823,robot_10,111.037024974823
test_5_2_t_surveillance_i0_bl0,5,2,0,surveillance,bl0,81.02153515815735,robot_1,46.46769189834595
test_5_2_t_surveillance_i0_bl0,5,2,0,surveillance,bl0,81.02153515815735,robot_2,64.5013313293457
test_5_2_t_surveillance_i0_bl0,5,2,0,surveillance,bl0,81.02153515815735,robot_3,55.50083565711975
test_5_2_t_surveillance_i0_bl0,5,2,0,surveillance,bl0,81.02153515815735,robot_4,76.5015766620636
test_5_2_t_surveillance_i0_bl0,5,2,0,surveillance,bl0,81.02153515815735,robot_5,78.02176785469055
test_10_20_t_surveillance_i0_multi3,10,20,0,surveillance,multi3,433.50215220451355,robot_1,134.58464360237122
test_10_20_t_surveillance_i0_multi3,10,20,0,surveillance,multi3,433.50215220451355,robot_2,383.96042680740356
test_10_20_t_surveillance_i0_multi3,10,20,0,surveillance,multi3,433.50215220451355,robot_3,371.9637563228607
test_10_20_t_surveillance_i0_multi3,10,20,0,surveillance,multi3,433.50215220451355,robot_4,361.5017352104187
test_10_20_t_surveillance_i0_multi3,10,20,0,surveillance,multi3,433.50215220451355,robot_5,388.5035364627838
test_10_20_t_surveillance_i0_multi3,10,20,0,surveillance,multi3,433.50215220451355,robot_6,385.4772825241089
test_10_20_t_surveillance_i0_multi3,10,20,0,surveillance,multi3,433.50215220451355,robot_7,158.7719123363495
test_10_20_t_surveillance_i0_multi3,10,20,0,surveillance,multi3,433.50215220451355,robot_8,361.5017352104187
test_10_20_t_surveillance_i0_multi3,10,20,0,surveillance,multi3,433.50215220451355,robot_9,370.5031237602234
test_10_20_t_surveillance_i0_multi3,10,20,0,surveillance,multi3,433.50215220451355,robot_10,433.50215220451355
test_2_20_t_logistics_i2_bl2,2,20,2,logistics,bl2,985.5020942687988,robot_1,187.32968997955322
test_2_20_t_logistics_i2_bl2,2,20,2,logistics,bl2,985.5020942687988,robot_2,773.8384160995483
test_2_20_t_logistics_i2_bl0,2,20,2,logistics,bl0,984.0108795166016,robot_1,221.84562849998474
test_2_20_t_logistics_i2_bl0,2,20,2,logistics,bl0,984.0108795166016,robot_2,742.3483316898346
test_2_20_t_logistics_i1_multi3,2,20,1,logistics,multi3,904.5022885799408,robot_1,301.4321930408478
test_2_20_t_logistics_i1_multi3,2,20,1,logistics,multi3,904.5022885799408,robot_2,307.3773367404938
test_5_2_t_agriculture_i2_bl1,5,2,2,agriculture,bl1,112.50199294090271,robot_1,64.4238052368164
test_5_2_t_agriculture_i2_bl1,5,2,2,agriculture,bl1,112.50199294090271,robot_2,88.50367975234985
test_5_2_t_agriculture_i2_bl1,5,2,2,agriculture,bl1,112.50199294090271,robot_3,89.98241567611694
test_5_2_t_agriculture_i2_bl1,5,2,2,agriculture,bl1,112.50199294090271,robot_4,94.50136017799377
test_5_2_t_agriculture_i2_bl1,5,2,2,agriculture,bl1,112.50199294090271,robot_5,106.50303626060486
test_5_2_t_surveillance_i0_bl2,5,2,0,surveillance,bl2,82.50135946273804,robot_1,59.97979545593262
test_5_2_t_surveillance_i0_bl2,5,2,0,surveillance,bl2,82.50135946273804,robot_2,55.46229362487793
test_5_2_t_surveillance_i0_bl2,5,2,0,surveillance,bl2,82.50135946273804,robot_3,82.50135946273804
test_5_2_t_surveillance_i0_bl2,5,2,0,surveillance,bl2,82.50135946273804,robot_4,67.4617063999176
test_5_2_t_surveillance_i0_bl2,5,2,0,surveillance,bl2,82.50135946273804,robot_5,59.98512244224548
test_10_2_t_cleaning_i1_bl0,10,2,1,cleaning,bl0,112.5019600391388,robot_1,53.96697664260864
test_10_2_t_cleaning_i1_bl0,10,2,1,cleaning,bl0,112.5019600391388,robot_2,112.5019600391388
test_10_2_t_cleaning_i1_bl0,10,2,1,cleaning,bl0,112.5019600391388,robot_3,112.5019600391388
test_10_2_t_cleaning_i1_bl0,10,2,1,cleaning,bl0,112.5019600391388,robot_4,100.51950812339783
test_10_2_t_cleaning_i1_bl0,10,2,1,cleaning,bl0,112.5019600391388,robot_5,112.5019600391388
test_10_2_t_cleaning_i1_bl0,10,2,1,cleaning,bl0,112.5019600391388,robot_6,112.5019600391388
test_10_2_t_cleaning_i1_bl0,10,2,1,cleaning,bl0,112.5019600391388,robot_7,112.5019600391388
test_10_2_t_cleaning_i1_bl0,10,2,1,cleaning,bl0,112.5019600391388,robot_8,88.50224876403809
test_10_2_t_cleaning_i1_bl0,10,2,1,cleaning,bl0,112.5019600391388,robot_9,112.5019600391388
test_10_2_t_cleaning_i1_bl0,10,2,1,cleaning,bl0,112.5019600391388,robot_10,95.96372604370117
test_5_20_t_surveillance_i0_bl0,5,20,0,surveillance,bl0,892.5018372535706,robot_1,551.3292808532715
test_5_20_t_surveillance_i0_bl0,5,20,0,surveillance,bl0,892.5018372535706,robot_2,712.1022408008575
test_5_20_t_surveillance_i0_bl0,5,20,0,surveillance,bl0,892.5018372535706,robot_3,518.3045415878296
test_5_20_t_surveillance_i0_bl0,5,20,0,surveillance,bl0,892.5018372535706,robot_4,859.461279630661
test_5_20_t_surveillance_i0_bl0,5,20,0,surveillance,bl0,892.5018372535706,robot_5,872.9802870750427
test_2_10_t_surveillance_i1_bl2,2,10,1,surveillance,bl2,474.0107111930847,robot_1,61.46816325187683
test_2_10_t_surveillance_i1_bl2,2,10,1,surveillance,bl2,474.0107111930847,robot_2,407.97510027885437
test_2_20_t_agriculture_i0_bl2,2,20,0,agriculture,bl2,858.0102708339691,robot_1,65.94693303108215
test_2_20_t_agriculture_i0_bl2,2,20,0,agriculture,bl2,858.0102708339691,robot_2,778.44855427742
test_5_10_t_logistics_i1_bl2,5,10,1,logistics,bl2,616.5020551681519,robot_1,215.63935732841492
test_5_10_t_logistics_i1_bl2,5,10,1,logistics,bl2,616.5020551681519,robot_2,431.6642117500305
test_5_10_t_logistics_i1_bl2,5,10,1,logistics,bl2,616.5020551681519,robot_3,589.4781591892242
test_5_10_t_logistics_i1_bl2,5,10,1,logistics,bl2,616.5020551681519,robot_4,605.9817926883698
test_5_10_t_logistics_i1_bl2,5,10,1,logistics,bl2,616.5020551681519,robot_5,616.5020551681519
test_2_20_t_agriculture_i2_multi3,2,20,2,agriculture,multi3,622.5021584033966,robot_1,77.94496011734009
test_2_20_t_agriculture_i2_multi3,2,20,2,agriculture,multi3,622.5021584033966,robot_2,113.99632692337036
test_2_20_t_cleaning_i2_bl1,2,20,2,cleaning,bl1,883.502138376236,robot_1,95.9960150718689
test_2_20_t_cleaning_i2_bl1,2,20,2,cleaning,bl1,883.502138376236,robot_2,791.9946918487549
test_10_10_t_agriculture_i1_multi3,10,10,1,agriculture,multi3,102.04107213020325,robot_1,49.52815914154053
test_10_10_t_agriculture_i1_multi3,10,10,1,agriculture,multi3,102.04107213020325,robot_2,50.98861050605774
test_10_10_t_agriculture_i1_multi3,10,10,1,agriculture,multi3,102.04107213020325,robot_3,69.04416465759277
test_10_10_t_agriculture_i1_multi3,10,10,1,agriculture,multi3,102.04107213020325,robot_4,55.52273941040039
test_10_10_t_agriculture_i1_multi3,10,10,1,agriculture,multi3,102.04107213020325,robot_5,65.98595833778381
test_10_10_t_agriculture_i1_multi3,10,10,1,agriculture,multi3,102.04107213020325,robot_6,31.50614047050476
test_10_10_t_agriculture_i1_multi3,10,10,1,agriculture,multi3,102.04107213020325,robot_7,34.504722356796265
test_10_10_t_agriculture_i1_multi3,10,10,1,agriculture,multi3,102.04107213020325,robot_8,64.48849201202393
test_10_10_t_agriculture_i1_multi3,10,10,1,agriculture,multi3,102.04107213020325,robot_9,34.42456316947937
test_10_10_t_agriculture_i1_multi3,10,10,1,agriculture,multi3,102.04107213020325,robot_10,55.51785326004028
test_2_10_t_logistics_i0_multi3,2,10,0,logistics,multi3,492.01075625419617,robot_1,221.9624342918396
test_2_10_t_logistics_i0_multi3,2,10,0,logistics,multi3,492.01075625419617,robot_2,86.9764289855957
test_10_20_t_logistics_i1_bl2,10,20,1,logistics,bl2,1069.5022418498993,robot_1,570.0843489170074
test_10_20_t_logistics_i1_bl2,10,20,1,logistics,bl2,1069.5022418498993,robot_2,685.6316213607788
test_10_20_t_logistics_i1_bl2,10,20,1,logistics,bl2,1069.5022418498993,robot_3,881.2850925922394
test_10_20_t_logistics_i1_bl2,10,20,1,logistics,bl2,1069.5022418498993,robot_4,1069.5022418498993
test_10_20_t_logistics_i1_bl2,10,20,1,logistics,bl2,1069.5022418498993,robot_5,1036.4276881217957
test_10_20_t_logistics_i1_bl2,10,20,1,logistics,bl2,1069.5022418498993,robot_6,1069.5022418498993
test_10_20_t_logistics_i1_bl2,10,20,1,logistics,bl2,1069.5022418498993,robot_7,1045.5037558078766
test_10_20_t_logistics_i1_bl2,10,20,1,logistics,bl2,1069.5022418498993,robot_8,1069.5022418498993
test_10_20_t_logistics_i1_bl2,10,20,1,logistics,bl2,1069.5022418498993,robot_9,1069.5022418498993
test_10_20_t_logistics_i1_bl2,10,20,1,logistics,bl2,1069.5022418498993,robot_10,1069.5022418498993
test_2_20_t_cleaning_i2_bl0,2,20,2,cleaning,bl0,883.50213098526,robot_1,91.48713445663452
test_2_20_t_cleaning_i2_bl0,2,20,2,cleaning,bl0,883.50213098526,robot_2,788.9954404830933
test_2_10_t_logistics_i0_bl2,2,10,0,logistics,bl2,588.0108807086945,robot_1,347.8352928161621
test_2_10_t_logistics_i0_bl2,2,10,0,logistics,bl2,588.0108807086945,robot_2,211.32553029060364
test_5_10_t_agriculture_i0_bl2,5,10,0,agriculture,bl2,484.5020921230316,robot_1,376.30018305778503
test_5_10_t_agriculture_i0_bl2,5,10,0,agriculture,bl2,484.5020921230316,robot_2,322.18513917922974
test_5_10_t_agriculture_i0_bl2,5,10,0,agriculture,bl2,484.5020921230316,robot_3,308.8646764755249
test_5_10_t_agriculture_i0_bl2,5,10,0,agriculture,bl2,484.5020921230316,robot_4,461.9818127155304
test_5_10_t_agriculture_i0_bl2,5,10,0,agriculture,bl2,484.5020921230316,robot_5,434.98397874832153
test_5_20_t_surveillance_i0_bl1,5,20,0,surveillance,bl1,891.022866487503,robot_1,567.8786916732788
test_5_20_t_surveillance_i0_bl1,5,20,0,surveillance,bl1,891.022866487503,robot_2,713.6323509216309
test_5_20_t_surveillance_i0_bl1,5,20,0,surveillance,bl1,891.022866487503,robot_3,500.31574749946594
test_5_20_t_surveillance_i0_bl1,5,20,0,surveillance,bl1,891.022866487503,robot_4,872.981947183609
test_5_20_t_surveillance_i0_bl1,5,20,0,surveillance,bl1,891.022866487503,robot_5,857.9877316951752
test_5_20_t_agriculture_i0_multi3,5,20,0,agriculture,multi3,307.5022270679474,robot_1,65.98188614845276
test_5_20_t_agriculture_i0_multi3,5,20,0,agriculture,multi3,307.5022270679474,robot_2,46.46951246261597
test_5_20_t_agriculture_i0_multi3,5,20,0,agriculture,multi3,307.5022270679474,robot_3,145.5039734840393
test_5_20_t_agriculture_i0_multi3,5,20,0,agriculture,multi3,307.5022270679474,robot_4,131.98350286483765
test_5_20_t_agriculture_i0_multi3,5,20,0,agriculture,multi3,307.5022270679474,robot_5,128.9823489189148
test_10_2_t_cleaning_i1_bl1,10,2,1,cleaning,bl1,109.5019736289978,robot_1,91.50312519073486
test_10_2_t_cleaning_i1_bl1,10,2,1,cleaning,bl1,109.5019736289978,robot_2,109.5019736289978
test_10_2_t_cleaning_i1_bl1,10,2,1,cleaning,bl1,109.5019736289978,robot_3,97.50094151496887
test_10_2_t_cleaning_i1_bl1,10,2,1,cleaning,bl1,109.5019736289978,robot_4,109.5019736289978
test_10_2_t_cleaning_i1_bl1,10,2,1,cleaning,bl1,109.5019736289978,robot_5,109.5019736289978
test_10_2_t_cleaning_i1_bl1,10,2,1,cleaning,bl1,109.5019736289978,robot_6,67.50501251220703
test_10_2_t_cleaning_i1_bl1,10,2,1,cleaning,bl1,109.5019736289978,robot_7,67.42607951164246
test_10_2_t_cleaning_i1_bl1,10,2,1,cleaning,bl1,109.5019736289978,robot_8,109.5019736289978
test_10_2_t_cleaning_i1_bl1,10,2,1,cleaning,bl1,109.5019736289978,robot_9,109.5019736289978
test_10_2_t_cleaning_i1_bl1,10,2,1,cleaning,bl1,109.5019736289978,robot_10,109.5019736289978
test_5_2_t_agriculture_i2_bl0,5,2,2,agriculture,bl0,111.02203345298767,robot_1,68.94356846809387
test_5_2_t_agriculture_i2_bl0,5,2,2,agriculture,bl0,111.02203345298767,robot_2,86.98217535018921
test_5_2_t_agriculture_i2_bl0,5,2,2,agriculture,bl0,111.02203345298767,robot_3,71.98342108726501
test_5_2_t_agriculture_i2_bl0,5,2,2,agriculture,bl0,111.02203345298767,robot_4,100.50246143341064
test_5_2_t_agriculture_i2_bl0,5,2,2,agriculture,bl0,111.02203345298767,robot_5,111.02203345298767
test_2_20_t_logistics_i2_bl1,2,20,2,logistics,bl1,987.0109314918518,robot_1,235.35376405715942
test_2_20_t_logistics_i2_bl1,2,20,2,logistics,bl1,987.0109314918518,robot_2,746.8421051502228
test_2_10_t_cleaning_i2_bl1,2,10,2,cleaning,bl1,477.010258436203,robot_1,164.92335534095764
test_2_10_t_cleaning_i2_bl1,2,10,2,cleaning,bl1,477.010258436203,robot_2,307.434974193573
test_5_20_t_surveillance_i1_bl0,5,20,1,surveillance,bl0,912.0224032402039,robot_1,409.0618782043457
test_5_20_t_surveillance_i1_bl0,5,20,1,surveillance,bl0,912.0224032402039,robot_2,524.6255240440369
test_5_20_t_surveillance_i1_bl0,5,20,1,surveillance,bl0,912.0224032402039,robot_3,901.5015847682953
test_5_20_t_surveillance_i1_bl0,5,20,1,surveillance,bl0,912.0224032402039,robot_4,890.9809334278107
test_5_20_t_surveillance_i1_bl0,5,20,1,surveillance,bl0,912.0224032402039,robot_5,895.5021624565125
test_10_20_t_agriculture_i1_multi3,10,20,1,agriculture,multi3,151.50147247314453,robot_1,49.5030574798584
test_10_20_t_agriculture_i1_multi3,10,20,1,agriculture,multi3,151.50147247314453,robot_2,59.96763873100281
test_10_20_t_agriculture_i1_multi3,10,20,1,agriculture,multi3,151.50147247314453,robot_3,58.49988007545471
test_10_20_t_agriculture_i1_multi3,10,20,1,agriculture,multi3,151.50147247314453,robot_4,74.88664436340332
test_10_20_t_agriculture_i1_multi3,10,20,1,agriculture,multi3,151.50147247314453,robot_5,40.422165393829346
test_10_20_t_agriculture_i1_multi3,10,20,1,agriculture,multi3,151.50147247314453,robot_6,109.42422008514404
test_10_20_t_agriculture_i1_multi3,10,20,1,agriculture,multi3,151.50147247314453,robot_7,67.42277884483337
test_10_20_t_agriculture_i1_multi3,10,20,1,agriculture,multi3,151.50147247314453,robot_8,37.34873843193054
test_10_20_t_agriculture_i1_multi3,10,20,1,agriculture,multi3,151.50147247314453,robot_9,59.883585929870605
test_10_20_t_agriculture_i1_multi3,10,20,1,agriculture,multi3,151.50147247314453,robot_10,85.42163395881653
test_2_10_t_surveillance_i2_multi3,2,10,2,surveillance,multi3,418.5021698474884,robot_1,92.95819282531738
test_2_10_t_surveillance_i2_multi3,2,10,2,surveillance,multi3,418.5021698474884,robot_2,197.9464328289032
test_10_2_t_cleaning_i0_bl0,10,2,0,cleaning,bl0,79.5021984577179,robot_1,22.50334405899048
test_10_2_t_cleaning_i0_bl0,10,2,0,cleaning,bl0,79.5021984577179,robot_2,79.5021984577179
test_10_2_t_cleaning_i0_bl0,10,2,0,cleaning,bl0,79.5021984577179,robot_3,79.5021984577179
test_10_2_t_cleaning_i0_bl0,10,2,0,cleaning,bl0,79.5021984577179,robot_4,79.5021984577179
test_10_2_t_cleaning_i0_bl0,10,2,0,cleaning,bl0,79.5021984577179,robot_5,64.50252604484558
test_10_2_t_cleaning_i0_bl0,10,2,0,cleaning,bl0,79.5021984577179,robot_6,79.5021984577179
test_10_2_t_cleaning_i0_bl0,10,2,0,cleaning,bl0,79.5021984577179,robot_7,79.5021984577179
test_10_2_t_cleaning_i0_bl0,10,2,0,cleaning,bl0,79.5021984577179,robot_8,72.02900671958923
test_10_2_t_cleaning_i0_bl0,10,2,0,cleaning,bl0,79.5021984577179,robot_9,79.5021984577179
test_10_2_t_cleaning_i0_bl0,10,2,0,cleaning,bl0,79.5021984577179,robot_10,79.5021984577179
test_10_10_t_surveillance_i2_bl1,10,10,2,surveillance,bl1,439.5021185874939,robot_1,203.39858675003052
test_10_10_t_surveillance_i2_bl1,10,10,2,surveillance,bl1,439.5021185874939,robot_2,258.90199303627014
test_10_10_t_surveillance_i2_bl1,10,10,2,surveillance,bl1,439.5021185874939,robot_3,431.9650602340698
test_10_10_t_surveillance_i2_bl1,10,10,2,surveillance,bl1,439.5021185874939,robot_4,428.9639844894409
test_10_10_t_surveillance_i2_bl1,10,10,2,surveillance,bl1,439.5021185874939,robot_5,439.5021185874939
test_10_10_t_surveillance_i2_bl1,10,10,2,surveillance,bl1,439.5021185874939,robot_6,439.5021185874939
test_10_10_t_surveillance_i2_bl1,10,10,2,surveillance,bl1,439.5021185874939,robot_7,439.5021185874939
test_10_10_t_surveillance_i2_bl1,10,10,2,surveillance,bl1,439.5021185874939,robot_8,430.5039246082306
test_10_10_t_surveillance_i2_bl1,10,10,2,surveillance,bl1,439.5021185874939,robot_9,436.5032625198364
test_10_10_t_surveillance_i2_bl1,10,10,2,surveillance,bl1,439.5021185874939,robot_10,424.49990701675415
test_2_10_t_surveillance_i0_bl2,2,10,0,surveillance,bl2,441.01036643981934,robot_1,211.3911464214325
test_2_10_t_surveillance_i0_bl2,2,10,0,surveillance,bl2,441.01036643981934,robot_2,211.3910300731659
test_5_20_t_logistics_i2_bl1,5,20,2,logistics,bl1,1101.021384716034,robot_1,567.8254413604736
test_5_20_t_logistics_i2_bl1,5,20,2,logistics,bl1,1101.021384716034,robot_2,904.1630942821503
test_5_20_t_logistics_i2_bl1,5,20,2,logistics,bl1,1101.021384716034,robot_3,877.1640458106995
test_5_20_t_logistics_i2_bl1,5,20,2,logistics,bl1,1101.021384716034,robot_4,952.184897184372
test_5_20_t_logistics_i2_bl1,5,20,2,logistics,bl1,1101.021384716034,robot_5,1063.5024926662445
test_2_2_t_agriculture_i2_bl0,2,2,2,agriculture,bl0,100.50204706192017,robot_1,52.48290753364563
test_2_2_t_agriculture_i2_bl0,2,2,2,agriculture,bl0,100.50204706192017,robot_2,44.994868993759155
test_10_10_t_logistics_i2_bl0,10,10,2,logistics,bl0,603.0399758815765,robot_1,305.45681595802307
test_10_10_t_logistics_i2_bl0,10,10,2,logistics,bl0,603.0399758815765,robot_2,521.8156907558441
test_10_10_t_logistics_i2_bl0,10,10,2,logistics,bl0,603.0399758815765,robot_3,463.1868705749512
test_10_10_t_logistics_i2_bl0,10,10,2,logistics,bl0,603.0399758815765,robot_4,597.0413584709167
test_10_10_t_logistics_i2_bl0,10,10,2,logistics,bl0,603.0399758815765,robot_5,577.5240452289581
test_10_10_t_logistics_i2_bl0,10,10,2,logistics,bl0,603.0399758815765,robot_6,603.0399758815765
test_10_10_t_logistics_i2_bl0,10,10,2,logistics,bl0,603.0399758815765,robot_7,603.0399758815765
test_10_10_t_logistics_i2_bl0,10,10,2,logistics,bl0,603.0399758815765,robot_8,511.22070479393005
test_10_10_t_logistics_i2_bl0,10,10,2,logistics,bl0,603.0399758815765,robot_9,603.0399758815765
test_10_10_t_logistics_i2_bl0,10,10,2,logistics,bl0,603.0399758815765,robot_10,603.0399758815765
test_2_10_t_agriculture_i2_multi3,2,10,2,agriculture,multi3,349.50210547447205,robot_1,109.50942921638489
test_2_10_t_agriculture_i2_multi3,2,10,2,agriculture,multi3,349.50210547447205,robot_2,20.988877534866333
test_5_2_t_surveillance_i1_bl2,5,2,1,surveillance,bl2,117.02247881889343,robot_1,91.51678371429443
test_5_2_t_surveillance_i1_bl2,5,2,1,surveillance,bl2,117.02247881889343,robot_2,85.45769691467285
test_5_2_t_surveillance_i1_bl2,5,2,1,surveillance,bl2,117.02247881889343,robot_3,76.46131753921509
test_5_2_t_surveillance_i1_bl2,5,2,1,surveillance,bl2,117.02247881889343,robot_4,92.9822165966034
test_5_2_t_surveillance_i1_bl2,5,2,1,surveillance,bl2,117.02247881889343,robot_5,117.02247881889343
test_5_20_t_cleaning_i0_multi3,5,20,0,cleaning,multi3,346.5021812915802,robot_1,187.50270414352417
test_5_20_t_cleaning_i0_multi3,5,20,0,cleaning,multi3,346.5021812915802,robot_2,3.0246880054473877
test_5_20_t_cleaning_i0_multi3,5,20,0,cleaning,multi3,346.5021812915802,robot_3,271.50320315361023
test_5_20_t_cleaning_i0_multi3,5,20,0,cleaning,multi3,346.5021812915802,robot_4,187.50270414352417
test_5_20_t_cleaning_i0_multi3,5,20,0,cleaning,multi3,346.5021812915802,robot_5,10.502636432647705
test_2_2_t_agriculture_i0_multi3,2,2,0,agriculture,multi3,82.50209617614746,robot_1,7.5019683837890625
test_2_2_t_agriculture_i0_multi3,2,2,0,agriculture,multi3,82.50209617614746,robot_2,24.016437768936157
test_5_20_t_surveillance_i0_multi3,5,20,0,surveillance,multi3,501.0224235057831,robot_1,392.9834711551666
test_5_20_t_surveillance_i0_multi3,5,20,0,surveillance,multi3,501.0224235057831,robot_2,391.49951815605164
test_5_20_t_surveillance_i0_multi3,5,20,0,surveillance,multi3,501.0224235057831,robot_3,212.79598569869995
test_5_20_t_surveillance_i0_multi3,5,20,0,surveillance,multi3,501.0224235057831,robot_4,370.5018980503082
test_5_20_t_surveillance_i0_multi3,5,20,0,surveillance,multi3,501.0224235057831,robot_5,136.3913700580597
test_10_10_t_logistics_i2_multi3,10,10,2,logistics,multi3,339.0405285358429,robot_1,301.50213646888733
test_10_10_t_logistics_i2_multi3,10,10,2,logistics,multi3,339.0405285358429,robot_2,318.0400273799896
test_10_10_t_logistics_i2_multi3,10,10,2,logistics,multi3,339.0405285358429,robot_3,290.9876489639282
test_10_10_t_logistics_i2_multi3,10,10,2,logistics,multi3,339.0405285358429,robot_4,136.2856285572052
test_10_10_t_logistics_i2_multi3,10,10,2,logistics,multi3,339.0405285358429,robot_5,300.0411596298218
test_10_10_t_logistics_i2_multi3,10,10,2,logistics,multi3,339.0405285358429,robot_6,282.01954793930054
test_10_10_t_logistics_i2_multi3,10,10,2,logistics,multi3,339.0405285358429,robot_7,236.82259845733643
test_10_10_t_logistics_i2_multi3,10,10,2,logistics,multi3,339.0405285358429,robot_8,206.8287525177002
test_10_10_t_logistics_i2_multi3,10,10,2,logistics,multi3,339.0405285358429,robot_9,303.06355905532837
test_10_10_t_logistics_i2_multi3,10,10,2,logistics,multi3,339.0405285358429,robot_10,322.52297472953796
test_2_20_t_agriculture_i1_bl2,2,20,1,agriculture,bl2,799.5019638538361,robot_1,67.46824812889099
test_2_20_t_agriculture_i1_bl2,2,20,1,agriculture,bl2,799.5019638538361,robot_2,727.4696526527405
test_2_2_t_logistics_i2_bl2,2,2,2,logistics,bl2,130.50197958946228,robot_1,55.50369310379028
test_2_2_t_logistics_i2_bl2,2,2,2,logistics,bl2,130.50197958946228,robot_2,71.99100804328918
test_5_10_t_logistics_i0_bl2,5,10,0,logistics,bl2,576.0218842029572,robot_1,166.39934039115906
test_5_10_t_logistics_i0_bl2,5,10,0,logistics,bl2,576.0218842029572,robot_2,557.982063293457
test_5_10_t_logistics_i0_bl2,5,10,0,logistics,bl2,576.0218842029572,robot_3,466.38111686706543
test_5_10_t_logistics_i0_bl2,5,10,0,logistics,bl2,576.0218842029572,robot_4,561.0216197967529
test_5_10_t_logistics_i0_bl2,5,10,0,logistics,bl2,576.0218842029572,robot_5,542.9792160987854
test_10_20_t_agriculture_i2_bl2,10,20,2,agriculture,bl2,786.0410203933716,robot_1,499.834685087204
test_10_20_t_agriculture_i2_bl2,10,20,2,agriculture,bl2,786.0410203933716,robot_2,294.15838074684143
test_10_20_t_agriculture_i2_bl2,10,20,2,agriculture,bl2,786.0410203933716,robot_3,771.0434231758118
test_10_20_t_agriculture_i2_bl2,10,20,2,agriculture,bl2,786.0410203933716,robot_4,786.0410203933716
test_10_20_t_agriculture_i2_bl2,10,20,2,agriculture,bl2,786.0410203933716,robot_5,786.0410203933716
test_10_20_t_agriculture_i2_bl2,10,20,2,agriculture,bl2,786.0410203933716,robot_6,775.5016107559204
test_10_20_t_agriculture_i2_bl2,10,20,2,agriculture,bl2,786.0410203933716,robot_7,775.5028717517853
test_10_20_t_agriculture_i2_bl2,10,20,2,agriculture,bl2,786.0410203933716,robot_8,780.0418891906738
test_10_20_t_agriculture_i2_bl2,10,20,2,agriculture,bl2,786.0410203933716,robot_9,786.0410203933716
test_10_20_t_agriculture_i2_bl2,10,20,2,agriculture,bl2,786.0410203933716,robot_10,786.0410203933716
test_2_20_t_surveillance_i1_multi3,2,20,1,surveillance,multi3,739.5022461414337,robot_1,94.4407787322998
test_2_20_t_surveillance_i1_multi3,2,20,1,surveillance,multi3,739.5022461414337,robot_2,425.9221086502075
test_5_10_t_agriculture_i1_bl2,5,10,1,agriculture,bl2,438.02241253852844,robot_1,260.6776385307312
test_5_10_t_agriculture_i1_bl2,5,10,1,agriculture,bl2,438.02241253852844,robot_2,205.14624285697937
test_5_10_t_agriculture_i1_bl2,5,10,1,agriculture,bl2,438.02241253852844,robot_3,383.95509338378906
test_5_10_t_agriculture_i1_bl2,5,10,1,agriculture,bl2,438.02241253852844,robot_4,433.50229597091675
test_5_10_t_agriculture_i1_bl2,5,10,1,agriculture,bl2,438.02241253852844,robot_5,430.50229024887085
test_5_2_t_logistics_i0_multi3,5,2,0,logistics,multi3,127.50192189216614,robot_1,103.46147155761719
test_5_2_t_logistics_i0_multi3,5,2,0,logistics,multi3,127.50192189216614,robot_2,67.47736048698425
test_5_2_t_logistics_i0_multi3,5,2,0,logistics,multi3,127.50192189216614,robot_3,113.98127722740173
test_5_2_t_logistics_i0_multi3,5,2,0,logistics,multi3,127.50192189216614,robot_4,127.50192189216614
test_5_2_t_logistics_i0_multi3,5,2,0,logistics,multi3,127.50192189216614,robot_5,38.95457744598389
test_2_10_t_logistics_i1_bl2,2,10,1,logistics,bl2,571.5022554397583,robot_1,173.87909865379333
test_2_10_t_logistics_i1_bl2,2,10,1,logistics,bl2,571.5022554397583,robot_2,382.3678889274597
test_5_10_t_agriculture_i0_multi3,5,10,0,agriculture,multi3,204.02260184288025,robot_1,150.02206826210022
test_5_10_t_agriculture_i0_multi3,5,10,0,agriculture,multi3,204.02260184288025,robot_2,66.02544021606445
test_5_10_t_agriculture_i0_multi3,5,10,0,agriculture,multi3,204.02260184288025,robot_3,40.503347873687744
test_5_10_t_agriculture_i0_multi3,5,10,0,agriculture,multi3,204.02260184288025,robot_4,151.50521850585938
test_5_10_t_agriculture_i0_multi3,5,10,0,agriculture,multi3,204.02260184288025,robot_5,49.50351023674011
test_10_20_t_logistics_i0_bl2,10,20,0,logistics,bl2,1045.5022106170654,robot_1,477.12275671958923
test_10_20_t_logistics_i0_bl2,10,20,0,logistics,bl2,1045.5022106170654,robot_2,696.2022125720978
test_10_20_t_logistics_i0_bl2,10,20,0,logistics,bl2,1045.5022106170654,robot_3,1030.4924087524414
test_10_20_t_logistics_i0_bl2,10,20,0,logistics,bl2,1045.5022106170654,robot_4,911.364748954773
test_10_20_t_logistics_i0_bl2,10,20,0,logistics,bl2,1045.5022106170654,robot_5,1045.5022106170654
test_10_20_t_logistics_i0_bl2,10,20,0,logistics,bl2,1045.5022106170654,robot_6,1045.5022106170654
test_10_20_t_logistics_i0_bl2,10,20,0,logistics,bl2,1045.5022106170654,robot_7,1045.5022106170654
test_10_20_t_logistics_i0_bl2,10,20,0,logistics,bl2,1045.5022106170654,robot_8,1030.504699230194
test_10_20_t_logistics_i0_bl2,10,20,0,logistics,bl2,1045.5022106170654,robot_9,1045.5022106170654
test_10_20_t_logistics_i0_bl2,10,20,0,logistics,bl2,1045.5022106170654,robot_10,1037.9625918865204
test_10_10_t_logistics_i2_bl1,10,10,2,logistics,bl1,598.5021007061005,robot_1,276.8517508506775
test_10_10_t_logistics_i2_bl1,10,10,2,logistics,bl1,598.5021007061005,robot_2,517.2773795127869
test_10_10_t_logistics_i2_bl1,10,10,2,logistics,bl1,598.5021007061005,robot_3,469.1248416900635
test_10_10_t_logistics_i2_bl1,10,10,2,logistics,bl1,598.5021007061005,robot_4,593.9728364944458
test_10_10_t_logistics_i2_bl1,10,10,2,logistics,bl1,598.5021007061005,robot_5,583.5243318080902
test_10_10_t_logistics_i2_bl1,10,10,2,logistics,bl1,598.5021007061005,robot_6,598.5021007061005
test_10_10_t_logistics_i2_bl1,10,10,2,logistics,bl1,598.5021007061005,robot_7,592.5037486553192
test_10_10_t_logistics_i2_bl1,10,10,2,logistics,bl1,598.5021007061005,robot_8,503.66428208351135
test_10_10_t_logistics_i2_bl1,10,10,2,logistics,bl1,598.5021007061005,robot_9,598.5021007061005
test_10_10_t_logistics_i2_bl1,10,10,2,logistics,bl1,598.5021007061005,robot_10,598.5021007061005
test_2_10_t_cleaning_i0_multi3,2,10,0,cleaning,multi3,288.01060152053833,robot_1,21.010905742645264
test_2_10_t_cleaning_i0_multi3,2,10,0,cleaning,multi3,288.01060152053833,robot_2,13.501052141189575
test_2_2_t_agriculture_i2_bl1,2,2,2,agriculture,bl1,102.01093244552612,robot_1,67.48343563079834
test_2_2_t_agriculture_i2_bl1,2,2,2,agriculture,bl1,102.01093244552612,robot_2,32.99502348899841
test_5_20_t_logistics_i2_bl0,5,20,2,logistics,bl0,1099.502158164978,robot_1,584.3717839717865
test_5_20_t_logistics_i2_bl0,5,20,2,logistics,bl0,1099.502158164978,robot_2,902.6294543743134
test_5_20_t_logistics_i2_bl0,5,20,2,logistics,bl0,1099.502158164978,robot_3,901.1815464496613
test_5_20_t_logistics_i2_bl0,5,20,2,logistics,bl0,1099.502158164978,robot_4,944.6724603176117
test_5_20_t_logistics_i2_bl0,5,20,2,logistics,bl0,1099.502158164978,robot_5,1048.4621534347534
test_10_10_t_surveillance_i2_bl0,10,10,2,surveillance,bl0,436.502210855484,robot_1,200.3979516029358
test_10_10_t_surveillance_i2_bl0,10,10,2,surveillance,bl0,436.502210855484,robot_2,251.46555042266846
test_10_10_t_surveillance_i2_bl0,10,10,2,surveillance,bl0,436.502210855484,robot_3,428.9643964767456
test_10_10_t_surveillance_i2_bl0,10,10,2,surveillance,bl0,436.502210855484,robot_4,436.502210855484
test_10_10_t_surveillance_i2_bl0,10,10,2,surveillance,bl0,436.502210855484,robot_5,436.502210855484
test_10_10_t_surveillance_i2_bl0,10,10,2,surveillance,bl0,436.502210855484,robot_6,436.502210855484
test_10_10_t_surveillance_i2_bl0,10,10,2,surveillance,bl0,436.502210855484,robot_7,433.52674078941345
test_10_10_t_surveillance_i2_bl0,10,10,2,surveillance,bl0,436.502210855484,robot_8,436.502210855484
test_10_10_t_surveillance_i2_bl0,10,10,2,surveillance,bl0,436.502210855484,robot_9,415.4768795967102
test_10_10_t_surveillance_i2_bl0,10,10,2,surveillance,bl0,436.502210855484,robot_10,436.502210855484
test_10_2_t_cleaning_i0_bl1,10,2,0,cleaning,bl1,76.50208806991577,robot_1,44.96651577949524
test_10_2_t_cleaning_i0_bl1,10,2,0,cleaning,bl1,76.50208806991577,robot_2,55.501725912094116
test_10_2_t_cleaning_i0_bl1,10,2,0,cleaning,bl1,76.50208806991577,robot_3,76.50208806991577
test_10_2_t_cleaning_i0_bl1,10,2,0,cleaning,bl1,76.50208806991577,robot_4,76.50208806991577
test_10_2_t_cleaning_i0_bl1,10,2,0,cleaning,bl1,76.50208806991577,robot_5,61.50178527832031
test_10_2_t_cleaning_i0_bl1,10,2,0,cleaning,bl1,76.50208806991577,robot_6,76.50208806991577
test_10_2_t_cleaning_i0_bl1,10,2,0,cleaning,bl1,76.50208806991577,robot_7,64.50298881530762
test_10_2_t_cleaning_i0_bl1,10,2,0,cleaning,bl1,76.50208806991577,robot_8,76.50208806991577
test_10_2_t_cleaning_i0_bl1,10,2,0,cleaning,bl1,76.50208806991577,robot_9,76.50208806991577
test_10_2_t_cleaning_i0_bl1,10,2,0,cleaning,bl1,76.50208806991577,robot_10,76.50208806991577
test_2_10_t_cleaning_i2_bl0,2,10,2,cleaning,bl0,475.5020411014557,robot_1,203.92870664596558
test_2_10_t_cleaning_i2_bl0,2,10,2,cleaning,bl0,475.5020411014557,robot_2,260.92245531082153
test_5_20_t_surveillance_i1_bl1,5,20,1,surveillance,bl1,907.501980304718,robot_1,376.0782024860382
test_5_20_t_surveillance_i1_bl1,5,20,1,surveillance,bl1,907.501980304718,robot_2,527.647736787796
test_5_20_t_surveillance_i1_bl1,5,20,1,surveillance,bl1,907.501980304718,robot_3,889.4616720676422
test_5_20_t_surveillance_i1_bl1,5,20,1,surveillance,bl1,907.501980304718,robot_4,907.501980304718
test_5_20_t_surveillance_i1_bl1,5,20,1,surveillance,bl1,907.501980304718,robot_5,895.5020318031311
test_2_10_t_cleaning_i2_bl2,2,10,2,cleaning,bl2,475.5020360946655,robot_1,257.92452001571655
test_2_10_t_cleaning_i2_bl2,2,10,2,cleaning,bl2,475.5020360946655,robot_2,208.43979907035828
test_10_10_t_surveillance_i2_bl2,10,10,2,surveillance,bl2,436.50212502479553,robot_1,197.37528944015503
test_10_10_t_surveillance_i2_bl2,10,10,2,surveillance,bl2,436.50212502479553,robot_2,255.91634798049927
test_10_10_t_surveillance_i2_bl2,10,10,2,surveillance,bl2,436.50212502479553,robot_3,421.42687702178955
test_10_10_t_surveillance_i2_bl2,10,10,2,surveillance,bl2,436.50212502479553,robot_4,422.9644591808319
test_10_10_t_surveillance_i2_bl2,10,10,2,surveillance,bl2,436.50212502479553,robot_5,436.50212502479553
test_10_10_t_surveillance_i2_bl2,10,10,2,surveillance,bl2,436.50212502479553,robot_6,436.50212502479553
test_10_10_t_surveillance_i2_bl2,10,10,2,surveillance,bl2,436.50212502479553,robot_7,431.9841992855072
test_10_10_t_surveillance_i2_bl2,10,10,2,surveillance,bl2,436.50212502479553,robot_8,436.50212502479553
test_10_10_t_surveillance_i2_bl2,10,10,2,surveillance,bl2,436.50212502479553,robot_9,427.503924369812
test_10_10_t_surveillance_i2_bl2,10,10,2,surveillance,bl2,436.50212502479553,robot_10,436.50212502479553
test_2_10_t_surveillance_i0_bl1,2,10,0,surveillance,bl1,441.0102655887604,robot_1,209.90849423408508
test_2_10_t_surveillance_i0_bl1,2,10,0,surveillance,bl1,441.0102655887604,robot_2,218.88571619987488
test_5_20_t_logistics_i2_bl2,5,20,2,logistics,bl2,1098.0221519470215,robot_1,548.314709186554
test_5_20_t_logistics_i2_bl2,5,20,2,logistics,bl2,1098.0221519470215,robot_2,901.1442205905914
test_5_20_t_logistics_i2_bl2,5,20,2,logistics,bl2,1098.0221519470215,robot_3,895.19380235672
test_5_20_t_logistics_i2_bl2,5,20,2,logistics,bl2,1098.0221519470215,robot_4,973.2227692604065
test_5_20_t_logistics_i2_bl2,5,20,2,logistics,bl2,1098.0221519470215,robot_5,1042.5025038719177
test_2_20_t_cleaning_i1_multi3,2,20,1,cleaning,multi3,546.0106246471405,robot_1,6.010659456253052
test_2_20_t_cleaning_i1_multi3,2,20,1,cleaning,multi3,546.0106246471405,robot_2,3.012653350830078
test_10_10_t_cleaning_i2_multi3,10,10,2,cleaning,multi3,81.04132866859436,robot_1,40.50656843185425
test_10_10_t_cleaning_i2_multi3,10,10,2,cleaning,multi3,81.04132866859436,robot_2,29.967524766921997
test_10_10_t_cleaning_i2_multi3,10,10,2,cleaning,multi3,81.04132866859436,robot_3,38.97236251831055
test_10_10_t_cleaning_i2_multi3,10,10,2,cleaning,multi3,81.04132866859436,robot_4,25.50836420059204
test_10_10_t_cleaning_i2_multi3,10,10,2,cleaning,multi3,81.04132866859436,robot_5,32.966068506240845
test_10_10_t_cleaning_i2_multi3,10,10,2,cleaning,multi3,81.04132866859436,robot_6,25.503596782684326
test_10_10_t_cleaning_i2_multi3,10,10,2,cleaning,multi3,81.04132866859436,robot_7,42.04110383987427
test_10_10_t_cleaning_i2_multi3,10,10,2,cleaning,multi3,81.04132866859436,robot_8,49.504010915756226
test_10_10_t_cleaning_i2_multi3,10,10,2,cleaning,multi3,81.04132866859436,robot_9,19.512930631637573
test_10_10_t_cleaning_i2_multi3,10,10,2,cleaning,multi3,81.04132866859436,robot_10,13.501821517944336
test_5_2_t_surveillance_i1_bl1,5,2,1,surveillance,bl1,111.02245020866394,robot_1,99.02039933204651
test_5_2_t_surveillance_i1_bl1,5,2,1,surveillance,bl1,111.02245020866394,robot_2,100.50212049484253
test_5_2_t_surveillance_i1_bl1,5,2,1,surveillance,bl1,111.02245020866394,robot_3,40.462462425231934
test_5_2_t_surveillance_i1_bl1,5,2,1,surveillance,bl1,111.02245020866394,robot_4,89.98118805885315
test_5_2_t_surveillance_i1_bl1,5,2,1,surveillance,bl1,111.02245020866394,robot_5,111.02245020866394
test_2_2_t_surveillance_i2_multi3,2,2,2,surveillance,multi3,115.50193881988525,robot_1,25.504401445388794
test_2_2_t_surveillance_i2_multi3,2,2,2,surveillance,multi3,115.50193881988525,robot_2,67.4843487739563
test_2_10_t_logistics_i1_bl0,2,10,1,logistics,bl0,574.5020897388458,robot_1,193.36894297599792
test_2_10_t_logistics_i1_bl0,2,10,1,logistics,bl0,574.5020897388458,robot_2,368.8558735847473
test_10_20_t_logistics_i0_bl0,10,20,0,logistics,bl0,1048.5013105869293,robot_1,469.5725202560425
test_10_20_t_logistics_i0_bl0,10,20,0,logistics,bl0,1048.5013105869293,robot_2,700.6464676856995
test_10_20_t_logistics_i0_bl0,10,20,0,logistics,bl0,1048.5013105869293,robot_3,1042.5022854804993
test_10_20_t_logistics_i0_bl0,10,20,0,logistics,bl0,1048.5013105869293,robot_4,903.8676192760468
test_10_20_t_logistics_i0_bl0,10,20,0,logistics,bl0,1048.5013105869293,robot_5,1048.5013105869293
test_10_20_t_logistics_i0_bl0,10,20,0,logistics,bl0,1048.5013105869293,robot_6,1048.5013105869293
test_10_20_t_logistics_i0_bl0,10,20,0,logistics,bl0,1048.5013105869293,robot_7,1048.5013105869293
test_10_20_t_logistics_i0_bl0,10,20,0,logistics,bl0,1048.5013105869293,robot_8,1039.5039587020874
test_10_20_t_logistics_i0_bl0,10,20,0,logistics,bl0,1048.5013105869293,robot_9,1048.5013105869293
test_10_20_t_logistics_i0_bl0,10,20,0,logistics,bl0,1048.5013105869293,robot_10,1040.9609894752502
test_5_20_t_logistics_i0_multi3,5,20,0,logistics,multi3,654.0230655670166,robot_1,287.838819026947
test_5_20_t_logistics_i0_multi3,5,20,0,logistics,multi3,654.0230655670166,robot_2,418.35584473609924
test_5_20_t_logistics_i0_multi3,5,20,0,logistics,multi3,654.0230655670166,robot_3,522.0235781669617
test_5_20_t_logistics_i0_multi3,5,20,0,logistics,multi3,654.0230655670166,robot_4,510.01956033706665
test_5_20_t_logistics_i0_multi3,5,20,0,logistics,multi3,654.0230655670166,robot_5,271.2647624015808
test_2_2_t_logistics_i2_bl1,2,2,2,logistics,bl1,135.01073718070984,robot_1,70.48582363128662
test_2_2_t_logistics_i2_bl1,2,2,2,logistics,bl1,135.01073718070984,robot_2,61.48377561569214
test_2_20_t_agriculture_i1_bl1,2,20,1,agriculture,bl1,799.5020542144775,robot_1,86.96309185028076
test_2_20_t_agriculture_i1_bl1,2,20,1,agriculture,bl1,799.5020542144775,robot_2,710.9609158039093
test_5_10_t_agriculture_i1_bl0,5,10,1,agriculture,bl0,433.5021662712097,robot_1,263.6694657802582
test_5_10_t_agriculture_i1_bl0,5,10,1,agriculture,bl0,433.5021662712097,robot_2,190.1042685508728
test_5_10_t_agriculture_i1_bl0,5,10,1,agriculture,bl0,433.5021662712097,robot_3,392.9845452308655
test_5_10_t_agriculture_i1_bl0,5,10,1,agriculture,bl0,433.5021662712097,robot_4,427.50212240219116
test_5_10_t_agriculture_i1_bl0,5,10,1,agriculture,bl0,433.5021662712097,robot_5,433.5021662712097
test_10_20_t_agriculture_i2_bl1,10,20,2,agriculture,bl1,786.0400612354279,robot_1,471.31364703178406
test_10_20_t_agriculture_i2_bl1,10,20,2,agriculture,bl1,786.0400612354279,robot_2,315.1661539077759
test_10_20_t_agriculture_i2_bl1,10,20,2,agriculture,bl1,786.0400612354279,robot_3,786.0400612354279
test_10_20_t_agriculture_i2_bl1,10,20,2,agriculture,bl1,786.0400612354279,robot_4,762.0428280830383
test_10_20_t_agriculture_i2_bl1,10,20,2,agriculture,bl1,786.0400612354279,robot_5,786.0400612354279
test_10_20_t_agriculture_i2_bl1,10,20,2,agriculture,bl1,786.0400612354279,robot_6,786.0400612354279
test_10_20_t_agriculture_i2_bl1,10,20,2,agriculture,bl1,786.0400612354279,robot_7,766.5010919570923
test_10_20_t_agriculture_i2_bl1,10,20,2,agriculture,bl1,786.0400612354279,robot_8,777.040248632431
test_10_20_t_agriculture_i2_bl1,10,20,2,agriculture,bl1,786.0400612354279,robot_9,786.0400612354279
test_10_20_t_agriculture_i2_bl1,10,20,2,agriculture,bl1,786.0400612354279,robot_10,786.0400612354279
test_5_10_t_logistics_i0_bl1,5,10,0,logistics,bl1,576.023656129837,robot_1,155.88242769241333
test_5_10_t_logistics_i0_bl1,5,10,0,logistics,bl1,576.023656129837,robot_2,551.9709949493408
test_5_10_t_logistics_i0_bl1,5,10,0,logistics,bl1,576.023656129837,robot_3,439.3447265625
test_5_10_t_logistics_i0_bl1,5,10,0,logistics,bl1,576.023656129837,robot_4,576.023656129837
test_5_10_t_logistics_i0_bl1,5,10,0,logistics,bl1,576.023656129837,robot_5,564.0240521430969
test_5_10_t_logistics_i0_bl0,5,10,0,logistics,bl0,576.0221111774445,robot_1,145.34717082977295
test_5_10_t_logistics_i0_bl0,5,10,0,logistics,bl0,576.0221111774445,robot_2,568.5003094673157
test_5_10_t_logistics_i0_bl0,5,10,0,logistics,bl0,576.0221111774445,robot_3,472.3842556476593
test_5_10_t_logistics_i0_bl0,5,10,0,logistics,bl0,576.0221111774445,robot_4,568.5022208690643
test_5_10_t_logistics_i0_bl0,5,10,0,logistics,bl0,576.0221111774445,robot_5,536.9820311069489
test_10_20_t_agriculture_i2_bl0,10,20,2,agriculture,bl0,786.0406947135925,robot_1,474.2970006465912
test_10_20_t_agriculture_i2_bl0,10,20,2,agriculture,bl0,786.0406947135925,robot_2,271.59239983558655
test_10_20_t_agriculture_i2_bl0,10,20,2,agriculture,bl0,786.0406947135925,robot_3,786.0406947135925
test_10_20_t_agriculture_i2_bl0,10,20,2,agriculture,bl0,786.0406947135925,robot_4,786.0406947135925
test_10_20_t_agriculture_i2_bl0,10,20,2,agriculture,bl0,786.0406947135925,robot_5,786.0406947135925
test_10_20_t_agriculture_i2_bl0,10,20,2,agriculture,bl0,786.0406947135925,robot_6,786.0406947135925
test_10_20_t_agriculture_i2_bl0,10,20,2,agriculture,bl0,786.0406947135925,robot_7,786.0406947135925
test_10_20_t_agriculture_i2_bl0,10,20,2,agriculture,bl0,786.0406947135925,robot_8,786.0406947135925
test_10_20_t_agriculture_i2_bl0,10,20,2,agriculture,bl0,786.0406947135925,robot_9,786.0406947135925
test_10_20_t_agriculture_i2_bl0,10,20,2,agriculture,bl0,786.0406947135925,robot_10,777.0409693717957
test_5_10_t_agriculture_i1_bl1,5,10,1,agriculture,bl1,433.50205874443054,robot_1,254.66273498535156
test_5_10_t_agriculture_i1_bl1,5,10,1,agriculture,bl1,433.50205874443054,robot_2,179.62294268608093
test_5_10_t_agriculture_i1_bl1,5,10,1,agriculture,bl1,433.50205874443054,robot_3,421.5019807815552
test_5_10_t_agriculture_i1_bl1,5,10,1,agriculture,bl1,433.50205874443054,robot_4,419.98219776153564
test_5_10_t_agriculture_i1_bl1,5,10,1,agriculture,bl1,433.50205874443054,robot_5,433.50205874443054
test_2_20_t_agriculture_i1_bl0,2,20,1,agriculture,bl0,796.5025506019592,robot_1,71.97739768028259
test_2_20_t_agriculture_i1_bl0,2,20,1,agriculture,bl0,796.5025506019592,robot_2,719.9790942668915
test_2_2_t_logistics_i2_bl0,2,2,2,logistics,bl0,133.50199246406555,robot_1,74.9951844215393
test_2_2_t_logistics_i2_bl0,2,2,2,logistics,bl0,133.50199246406555,robot_2,56.97689080238342
test_2_2_t_logistics_i1_multi3,2,2,1,logistics,multi3,103.50204372406006,robot_1,49.503368854522705
test_2_2_t_logistics_i1_multi3,2,2,1,logistics,multi3,103.50204372406006,robot_2,31.484294176101685
test_5_2_t_surveillance_i0_multi3,5,2,0,surveillance,multi3,52.501999616622925,robot_1,26.983787536621094
test_5_2_t_surveillance_i0_multi3,5,2,0,surveillance,multi3,52.501999616622925,robot_2,28.462712049484253
test_5_2_t_surveillance_i0_multi3,5,2,0,surveillance,multi3,52.501999616622925,robot_3,38.98166346549988
test_5_2_t_surveillance_i0_multi3,5,2,0,surveillance,multi3,52.501999616622925,robot_4,52.501999616622925
test_5_2_t_surveillance_i0_multi3,5,2,0,surveillance,multi3,52.501999616622925,robot_5,20.98293137550354
test_10_20_t_logistics_i0_bl1,10,20,0,logistics,bl1,1044.040573835373,robot_1,472.7259786128998
test_10_20_t_logistics_i0_bl1,10,20,0,logistics,bl1,1044.040573835373,robot_2,678.076212644577
test_10_20_t_logistics_i0_bl1,10,20,0,logistics,bl1,1044.040573835373,robot_3,1044.040573835373
test_10_20_t_logistics_i0_bl1,10,20,0,logistics,bl1,1044.040573835373,robot_4,894.8380289077759
test_10_20_t_logistics_i0_bl1,10,20,0,logistics,bl1,1044.040573835373,robot_5,1036.501317024231
test_10_20_t_logistics_i0_bl1,10,20,0,logistics,bl1,1044.040573835373,robot_6,1044.040573835373
test_10_20_t_logistics_i0_bl1,10,20,0,logistics,bl1,1044.040573835373,robot_7,1044.040573835373
test_10_20_t_logistics_i0_bl1,10,20,0,logistics,bl1,1044.040573835373,robot_8,1032.039752483368
test_10_20_t_logistics_i0_bl1,10,20,0,logistics,bl1,1044.040573835373,robot_9,1044.040573835373
test_10_20_t_logistics_i0_bl1,10,20,0,logistics,bl1,1044.040573835373,robot_10,1044.040573835373
test_2_10_t_logistics_i1_bl1,2,10,1,logistics,bl1,574.5020906925201,robot_1,178.37167143821716
test_2_10_t_logistics_i1_bl1,2,10,1,logistics,bl1,574.5020906925201,robot_2,374.8606708049774
test_5_2_t_surveillance_i1_bl0,5,2,1,surveillance,bl0,117.02247881889343,robot_1,80.97878432273865
test_5_2_t_surveillance_i1_bl0,5,2,1,surveillance,bl0,117.02247881889343,robot_2,117.02247881889343
test_5_2_t_surveillance_i1_bl0,5,2,1,surveillance,bl0,117.02247881889343,robot_3,94.51741170883179
test_5_2_t_surveillance_i1_bl0,5,2,1,surveillance,bl0,117.02247881889343,robot_4,80.98293590545654
test_5_2_t_surveillance_i1_bl0,5,2,1,surveillance,bl0,117.02247881889343,robot_5,85.46175718307495
test_5_10_t_logistics_i1_multi3,5,10,1,logistics,multi3,414.0223956108093,robot_1,227.9828360080719
test_5_10_t_logistics_i1_multi3,5,10,1,logistics,multi3,414.0223956108093,robot_2,352.50242257118225
test_5_10_t_logistics_i1_multi3,5,10,1,logistics,multi3,414.0223956108093,robot_3,333.0173819065094
test_5_10_t_logistics_i1_multi3,5,10,1,logistics,multi3,414.0223956108093,robot_4,230.8807225227356
test_5_10_t_logistics_i1_multi3,5,10,1,logistics,multi3,414.0223956108093,robot_5,224.92679357528687
test_5_10_t_cleaning_i1_multi3,5,10,1,cleaning,multi3,147.02207970619202,robot_1,9.017664432525635
test_5_10_t_cleaning_i1_multi3,5,10,1,cleaning,multi3,147.02207970619202,robot_2,9.017664432525635
test_5_10_t_cleaning_i1_multi3,5,10,1,cleaning,multi3,147.02207970619202,robot_3,28.485361576080322
test_5_10_t_cleaning_i1_multi3,5,10,1,cleaning,multi3,147.02207970619202,robot_4,108.01756691932678
test_5_10_t_cleaning_i1_multi3,5,10,1,cleaning,multi3,147.02207970619202,robot_5,64.50400996208191
test_10_10_t_logistics_i2_bl2,10,10,2,logistics,bl2,601.5021288394928,robot_1,287.3707649707794
test_10_10_t_logistics_i2_bl2,10,10,2,logistics,bl2,601.5021288394928,robot_2,500.741468667984
test_10_10_t_logistics_i2_bl2,10,10,2,logistics,bl2,601.5021288394928,robot_3,490.2105050086975
test_10_10_t_logistics_i2_bl2,10,10,2,logistics,bl2,601.5021288394928,robot_4,601.5021288394928
test_10_10_t_logistics_i2_bl2,10,10,2,logistics,bl2,601.5021288394928,robot_5,601.5021288394928
test_10_10_t_logistics_i2_bl2,10,10,2,logistics,bl2,601.5021288394928,robot_6,601.5021288394928
test_10_10_t_logistics_i2_bl2,10,10,2,logistics,bl2,601.5021288394928,robot_7,575.9877400398254
test_10_10_t_logistics_i2_bl2,10,10,2,logistics,bl2,601.5021288394928,robot_8,506.6624984741211
test_10_10_t_logistics_i2_bl2,10,10,2,logistics,bl2,601.5021288394928,robot_9,601.5021288394928
test_10_10_t_logistics_i2_bl2,10,10,2,logistics,bl2,601.5021288394928,robot_10,601.5021288394928
test_2_2_t_agriculture_i2_bl2,2,2,2,agriculture,bl2,103.50201797485352,robot_1,46.48204207420349
test_2_2_t_agriculture_i2_bl2,2,2,2,agriculture,bl2,103.50201797485352,robot_2,50.98055696487427
test_2_10_t_surveillance_i0_bl0,2,10,0,surveillance,bl0,442.5020158290863,robot_1,208.3658676147461
test_2_10_t_surveillance_i0_bl0,2,10,0,surveillance,bl0,442.5020158290863,robot_2,218.8932123184204
test_10_2_t_cleaning_i0_bl2,10,2,0,cleaning,bl2,84.04030895233154,robot_1,66.04216837882996
test_10_2_t_cleaning_i0_bl2,10,2,0,cleaning,bl2,84.04030895233154,robot_2,84.04030895233154
test_10_2_t_cleaning_i0_bl2,10,2,0,cleaning,bl2,84.04030895233154,robot_3,84.04030895233154
test_10_2_t_cleaning_i0_bl2,10,2,0,cleaning,bl2,84.04030895233154,robot_4,44.963284730911255
test_10_2_t_cleaning_i0_bl2,10,2,0,cleaning,bl2,84.04030895233154,robot_5,84.04030895233154
test_10_2_t_cleaning_i0_bl2,10,2,0,cleaning,bl2,84.04030895233154,robot_6,84.04030895233154
test_10_2_t_cleaning_i0_bl2,10,2,0,cleaning,bl2,84.04030895233154,robot_7,64.50364708900452
test_10_2_t_cleaning_i0_bl2,10,2,0,cleaning,bl2,84.04030895233154,robot_8,84.04030895233154
test_10_2_t_cleaning_i0_bl2,10,2,0,cleaning,bl2,84.04030895233154,robot_9,84.04030895233154
test_10_2_t_cleaning_i0_bl2,10,2,0,cleaning,bl2,84.04030895233154,robot_10,69.04090428352356
test_5_20_t_surveillance_i1_bl2,5,20,1,surveillance,bl2,912.022246837616,robot_1,410.584433555603
test_5_20_t_surveillance_i1_bl2,5,20,1,surveillance,bl2,912.022246837616,robot_2,517.1424391269684
test_5_20_t_surveillance_i1_bl2,5,20,1,surveillance,bl2,912.022246837616,robot_3,890.9824712276459
test_5_20_t_surveillance_i1_bl2,5,20,1,surveillance,bl2,912.022246837616,robot_4,889.5022993087769
test_5_20_t_surveillance_i1_bl2,5,20,1,surveillance,bl2,912.022246837616,robot_5,912.022246837616
test_2_20_t_cleaning_i1_bl1,2,20,1,cleaning,bl1,841.5020921230316,robot_1,115.48552417755127
test_2_20_t_cleaning_i1_bl1,2,20,1,cleaning,bl1,841.5020921230316,robot_2,724.4866390228271
test_10_20_t_agriculture_i0_bl2,10,20,0,agriculture,bl2,897.0407338142395,robot_1,240.7651641368866
test_10_20_t_agriculture_i0_bl2,10,20,0,agriculture,bl2,897.0407338142395,robot_2,872.9658131599426
test_10_20_t_agriculture_i0_bl2,10,20,0,agriculture,bl2,897.0407338142395,robot_3,671.3591341972351
test_10_20_t_agriculture_i0_bl2,10,20,0,agriculture,bl2,897.0407338142395,robot_4,866.965056180954
test_10_20_t_agriculture_i0_bl2,10,20,0,agriculture,bl2,897.0407338142395,robot_5,897.0407338142395
test_10_20_t_agriculture_i0_bl2,10,20,0,agriculture,bl2,897.0407338142395,robot_6,897.0407338142395
test_10_20_t_agriculture_i0_bl2,10,20,0,agriculture,bl2,897.0407338142395,robot_7,897.0407338142395
test_10_20_t_agriculture_i0_bl2,10,20,0,agriculture,bl2,897.0407338142395,robot_8,897.0407338142395
test_10_20_t_agriculture_i0_bl2,10,20,0,agriculture,bl2,897.0407338142395,robot_9,894.0409939289093
test_10_20_t_agriculture_i0_bl2,10,20,0,agriculture,bl2,897.0407338142395,robot_10,897.0407338142395
test_5_10_t_logistics_i2_bl2,5,10,2,logistics,bl2,537.0225510597229,robot_1,292.2043263912201
test_5_10_t_logistics_i2_bl2,5,10,2,logistics,bl2,537.0225510597229,robot_2,284.70719504356384
test_5_10_t_logistics_i2_bl2,5,10,2,logistics,bl2,537.0225510597229,robot_3,509.98253202438354
test_5_10_t_logistics_i2_bl2,5,10,2,logistics,bl2,537.0225510597229,robot_4,525.0226738452911
test_5_10_t_logistics_i2_bl2,5,10,2,logistics,bl2,537.0225510597229,robot_5,508.50138235092163
test_2_2_t_logistics_i0_bl2,2,2,0,logistics,bl2,135.01163530349731,robot_1,98.97828245162964
test_2_2_t_logistics_i0_bl2,2,2,0,logistics,bl2,135.01163530349731,robot_2,34.487119913101196
test_10_2_t_cleaning_i2_multi3,10,2,2,cleaning,multi3,55.50130844116211,robot_1,25.507930994033813
test_10_2_t_cleaning_i2_multi3,10,2,2,cleaning,multi3,55.50130844116211,robot_2,38.96225881576538
test_10_2_t_cleaning_i2_multi3,10,2,2,cleaning,multi3,55.50130844116211,robot_3,55.50130844116211
test_10_2_t_cleaning_i2_multi3,10,2,2,cleaning,multi3,55.50130844116211,robot_4,37.503782987594604
test_10_2_t_cleaning_i2_multi3,10,2,2,cleaning,multi3,55.50130844116211,robot_5,55.50130844116211
test_10_2_t_cleaning_i2_multi3,10,2,2,cleaning,multi3,55.50130844116211,robot_6,55.50130844116211
test_10_2_t_cleaning_i2_multi3,10,2,2,cleaning,multi3,55.50130844116211,robot_7,55.50130844116211
test_10_2_t_cleaning_i2_multi3,10,2,2,cleaning,multi3,55.50130844116211,robot_8,41.962764501571655
test_10_2_t_cleaning_i2_multi3,10,2,2,cleaning,multi3,55.50130844116211,robot_9,37.502925157547
test_10_2_t_cleaning_i2_multi3,10,2,2,cleaning,multi3,55.50130844116211,robot_10,55.50130844116211
test_5_2_t_cleaning_i1_multi3,5,2,1,cleaning,multi3,57.02443528175354,robot_1,57.02443528175354
test_5_2_t_cleaning_i1_multi3,5,2,1,cleaning,multi3,57.02443528175354,robot_2,25.50452184677124
test_5_2_t_cleaning_i1_multi3,5,2,1,cleaning,multi3,57.02443528175354,robot_3,40.505378007888794
test_5_2_t_cleaning_i1_multi3,5,2,1,cleaning,multi3,57.02443528175354,robot_4,57.02443528175354
test_5_2_t_cleaning_i1_multi3,5,2,1,cleaning,multi3,57.02443528175354,robot_5,19.517884969711304
test_5_20_t_logistics_i0_bl1,5,20,0,logistics,bl1,1077.0224404335022,robot_1,357.7644667625427
test_5_20_t_logistics_i0_bl1,5,20,0,logistics,bl1,1077.0224404335022,robot_2,693.8352518081665
test_5_20_t_logistics_i0_bl1,5,20,0,logistics,bl1,1077.0224404335022,robot_3,1077.0224404335022
test_5_20_t_logistics_i0_bl1,5,20,0,logistics,bl1,1077.0224404335022,robot_4,1077.0224404335022
test_5_20_t_logistics_i0_bl1,5,20,0,logistics,bl1,1077.0224404335022,robot_5,1065.0002369880676
test_2_10_t_surveillance_i2_bl2,2,10,2,surveillance,bl2,480.0108551979065,robot_1,158.90211987495422
test_2_10_t_surveillance_i2_bl2,2,10,2,surveillance,bl2,480.0108551979065,robot_2,295.4017491340637
test_10_10_t_surveillance_i0_bl1,10,10,0,surveillance,bl1,447.04063415527344,robot_1,137.5932378768921
test_10_10_t_surveillance_i0_bl1,10,10,0,surveillance,bl1,447.04063415527344,robot_2,341.67765522003174
test_10_10_t_surveillance_i0_bl1,10,10,0,surveillance,bl1,447.04063415527344,robot_3,447.04063415527344
test_10_10_t_surveillance_i0_bl1,10,10,0,surveillance,bl1,447.04063415527344,robot_4,447.04063415527344
test_10_10_t_surveillance_i0_bl1,10,10,0,surveillance,bl1,447.04063415527344,robot_5,447.04063415527344
test_10_10_t_surveillance_i0_bl1,10,10,0,surveillance,bl1,447.04063415527344,robot_6,433.5039031505585
test_10_10_t_surveillance_i0_bl1,10,10,0,surveillance,bl1,447.04063415527344,robot_7,432.0387442111969
test_10_10_t_surveillance_i0_bl1,10,10,0,surveillance,bl1,447.04063415527344,robot_8,447.04063415527344
test_10_10_t_surveillance_i0_bl1,10,10,0,surveillance,bl1,447.04063415527344,robot_9,435.0398554801941
test_10_10_t_surveillance_i0_bl1,10,10,0,surveillance,bl1,447.04063415527344,robot_10,447.04063415527344
test_10_2_t_cleaning_i2_bl0,10,2,2,cleaning,bl0,94.50203466415405,robot_1,43.45066046714783
test_10_2_t_cleaning_i2_bl0,10,2,2,cleaning,bl0,94.50203466415405,robot_2,50.96716523170471
test_10_2_t_cleaning_i2_bl0,10,2,2,cleaning,bl0,94.50203466415405,robot_3,94.50203466415405
test_10_2_t_cleaning_i2_bl0,10,2,2,cleaning,bl0,94.50203466415405,robot_4,94.50203466415405
test_10_2_t_cleaning_i2_bl0,10,2,2,cleaning,bl0,94.50203466415405,robot_5,94.50203466415405
test_10_2_t_cleaning_i2_bl0,10,2,2,cleaning,bl0,94.50203466415405,robot_6,94.50203466415405
test_10_2_t_cleaning_i2_bl0,10,2,2,cleaning,bl0,94.50203466415405,robot_7,94.50203466415405
test_10_2_t_cleaning_i2_bl0,10,2,2,cleaning,bl0,94.50203466415405,robot_8,94.50203466415405
test_10_2_t_cleaning_i2_bl0,10,2,2,cleaning,bl0,94.50203466415405,robot_9,94.50203466415405
test_10_2_t_cleaning_i2_bl0,10,2,2,cleaning,bl0,94.50203466415405,robot_10,94.50203466415405
test_2_10_t_cleaning_i0_bl1,2,10,0,cleaning,bl1,465.0101704597473,robot_1,100.46833944320679
test_2_10_t_cleaning_i0_bl1,2,10,0,cleaning,bl1,465.0101704597473,robot_2,364.46556973457336
test_10_10_t_logistics_i0_bl0,10,10,0,logistics,bl0,568.5020759105682,robot_1,269.6642577648163
test_10_10_t_logistics_i0_bl0,10,10,0,logistics,bl0,568.5020759105682,robot_2,449.66682147979736
test_10_10_t_logistics_i0_bl0,10,10,0,logistics,bl0,568.5020759105682,robot_3,568.5020759105682
test_10_10_t_logistics_i0_bl0,10,10,0,logistics,bl0,568.5020759105682,robot_4,434.5887506008148
test_10_10_t_logistics_i0_bl0,10,10,0,logistics,bl0,568.5020759105682,robot_5,568.5020759105682
test_10_10_t_logistics_i0_bl0,10,10,0,logistics,bl0,568.5020759105682,robot_6,568.5020759105682
test_10_10_t_logistics_i0_bl0,10,10,0,logistics,bl0,568.5020759105682,robot_7,554.9651522636414
test_10_10_t_logistics_i0_bl0,10,10,0,logistics,bl0,568.5020759105682,robot_8,568.5020759105682
test_10_10_t_logistics_i0_bl0,10,10,0,logistics,bl0,568.5020759105682,robot_9,554.9638123512268
test_10_10_t_logistics_i0_bl0,10,10,0,logistics,bl0,568.5020759105682,robot_10,568.5020759105682
test_2_20_t_logistics_i1_bl0,2,20,1,logistics,bl0,1005.0088164806366,robot_1,400.31687784194946
test_2_20_t_logistics_i1_bl0,2,20,1,logistics,bl0,1005.0088164806366,robot_2,587.8141331672668
test_5_2_t_agriculture_i1_bl1,5,2,1,agriculture,bl1,121.50209641456604,robot_1,91.46280717849731
test_5_2_t_agriculture_i1_bl1,5,2,1,agriculture,bl1,121.50209641456604,robot_2,110.96813750267029
test_5_2_t_agriculture_i1_bl1,5,2,1,agriculture,bl1,121.50209641456604,robot_3,79.46257662773132
test_5_2_t_agriculture_i1_bl1,5,2,1,agriculture,bl1,121.50209641456604,robot_4,85.5036289691925
test_5_2_t_agriculture_i1_bl1,5,2,1,agriculture,bl1,121.50209641456604,robot_5,110.98167061805725
test_10_20_t_surveillance_i2_multi3,10,20,2,surveillance,multi3,451.5021481513977,robot_1,191.58874416351318
test_10_20_t_surveillance_i2_multi3,10,20,2,surveillance,multi3,451.5021481513977,robot_2,451.5021481513977
test_10_20_t_surveillance_i2_multi3,10,20,2,surveillance,multi3,451.5021481513977,robot_3,373.5022988319397
test_10_20_t_surveillance_i2_multi3,10,20,2,surveillance,multi3,451.5021481513977,robot_4,397.5041217803955
test_10_20_t_surveillance_i2_multi3,10,20,2,surveillance,multi3,451.5021481513977,robot_5,361.50157856941223
test_10_20_t_surveillance_i2_multi3,10,20,2,surveillance,multi3,451.5021481513977,robot_6,380.96421694755554
test_10_20_t_surveillance_i2_multi3,10,20,2,surveillance,multi3,451.5021481513977,robot_7,148.21523690223694
test_10_20_t_surveillance_i2_multi3,10,20,2,surveillance,multi3,451.5021481513977,robot_8,388.5038504600525
test_10_20_t_surveillance_i2_multi3,10,20,2,surveillance,multi3,451.5021481513977,robot_9,401.9654107093811
test_10_20_t_surveillance_i2_multi3,10,20,2,surveillance,multi3,451.5021481513977,robot_10,415.50535106658936
test_10_2_t_agriculture_i1_multi3,10,2,1,agriculture,multi3,85.50203537940979,robot_1,85.50203537940979
test_10_2_t_agriculture_i1_multi3,10,2,1,agriculture,multi3,85.50203537940979,robot_2,65.96616101264954
test_10_2_t_agriculture_i1_multi3,10,2,1,agriculture,multi3,85.50203537940979,robot_3,85.50203537940979
test_10_2_t_agriculture_i1_multi3,10,2,1,agriculture,multi3,85.50203537940979,robot_4,85.50203537940979
test_10_2_t_agriculture_i1_multi3,10,2,1,agriculture,multi3,85.50203537940979,robot_5,37.423813819885254
test_10_2_t_agriculture_i1_multi3,10,2,1,agriculture,multi3,85.50203537940979,robot_6,85.50203537940979
test_10_2_t_agriculture_i1_multi3,10,2,1,agriculture,multi3,85.50203537940979,robot_7,61.43017292022705
test_10_2_t_agriculture_i1_multi3,10,2,1,agriculture,multi3,85.50203537940979,robot_8,52.478816986083984
test_10_2_t_agriculture_i1_multi3,10,2,1,agriculture,multi3,85.50203537940979,robot_9,85.50203537940979
test_10_2_t_agriculture_i1_multi3,10,2,1,agriculture,multi3,85.50203537940979,robot_10,70.47852754592896
test_2_2_t_agriculture_i0_bl0,2,2,0,agriculture,bl0,109.50184535980225,robot_1,31.49053645133972
test_2_2_t_agriculture_i0_bl0,2,2,0,agriculture,bl0,109.50184535980225,robot_2,76.4837007522583
test_2_2_t_agriculture_i0_bl1,2,2,0,agriculture,bl1,112.50202965736389,robot_1,53.98146986961365
test_2_2_t_agriculture_i0_bl1,2,2,0,agriculture,bl1,112.50202965736389,robot_2,58.48780369758606
test_5_2_t_agriculture_i1_bl0,5,2,1,agriculture,bl0,115.50203132629395,robot_1,73.50315618515015
test_5_2_t_agriculture_i1_bl0,5,2,1,agriculture,bl0,115.50203132629395,robot_2,77.98286437988281
test_5_2_t_agriculture_i1_bl0,5,2,1,agriculture,bl0,115.50203132629395,robot_3,95.982417345047
test_5_2_t_agriculture_i1_bl0,5,2,1,agriculture,bl0,115.50203132629395,robot_4,100.50294351577759
test_5_2_t_agriculture_i1_bl0,5,2,1,agriculture,bl0,115.50203132629395,robot_5,104.98224329948425
test_2_20_t_logistics_i1_bl1,2,20,1,logistics,bl1,1005.0108368396759,robot_1,407.8296821117401
test_2_20_t_logistics_i1_bl1,2,20,1,logistics,bl1,1005.0108368396759,robot_2,583.3127932548523
test_10_10_t_logistics_i0_bl1,10,10,0,logistics,bl1,570.0404667854309,robot_1,298.1969258785248
test_10_10_t_logistics_i0_bl1,10,10,0,logistics,bl1,570.0404667854309,robot_2,451.19776606559753
test_10_10_t_logistics_i0_bl1,10,10,0,logistics,bl1,570.0404667854309,robot_3,544.5016083717346
test_10_10_t_logistics_i0_bl1,10,10,0,logistics,bl1,570.0404667854309,robot_4,439.1652147769928
test_10_10_t_logistics_i0_bl1,10,10,0,logistics,bl1,570.0404667854309,robot_5,570.0404667854309
test_10_10_t_logistics_i0_bl1,10,10,0,logistics,bl1,570.0404667854309,robot_6,562.5023608207703
test_10_10_t_logistics_i0_bl1,10,10,0,logistics,bl1,570.0404667854309,robot_7,570.0404667854309
test_10_10_t_logistics_i0_bl1,10,10,0,logistics,bl1,570.0404667854309,robot_8,555.0422167778015
test_10_10_t_logistics_i0_bl1,10,10,0,logistics,bl1,570.0404667854309,robot_9,558.0402956008911
test_10_10_t_logistics_i0_bl1,10,10,0,logistics,bl1,570.0404667854309,robot_10,570.0404667854309
test_2_10_t_cleaning_i0_bl0,2,10,0,cleaning,bl0,450.01056575775146,robot_1,32.99352526664734
test_2_10_t_cleaning_i0_bl0,2,10,0,cleaning,bl0,450.01056575775146,robot_2,416.99459505081177
test_10_2_t_cleaning_i2_bl1,10,2,2,cleaning,bl1,93.04081630706787,robot_1,58.502421617507935
test_10_2_t_cleaning_i2_bl1,10,2,2,cleaning,bl1,93.04081630706787,robot_2,76.50066351890564
test_10_2_t_cleaning_i2_bl1,10,2,2,cleaning,bl1,93.04081630706787,robot_3,79.50253319740295
test_10_2_t_cleaning_i2_bl1,10,2,2,cleaning,bl1,93.04081630706787,robot_4,93.04081630706787
test_10_2_t_cleaning_i2_bl1,10,2,2,cleaning,bl1,93.04081630706787,robot_5,93.04081630706787
test_10_2_t_cleaning_i2_bl1,10,2,2,cleaning,bl1,93.04081630706787,robot_6,79.50313377380371
test_10_2_t_cleaning_i2_bl1,10,2,2,cleaning,bl1,93.04081630706787,robot_7,73.50432968139648
test_10_2_t_cleaning_i2_bl1,10,2,2,cleaning,bl1,93.04081630706787,robot_8,93.04081630706787
test_10_2_t_cleaning_i2_bl1,10,2,2,cleaning,bl1,93.04081630706787,robot_9,93.04081630706787
test_10_2_t_cleaning_i2_bl1,10,2,2,cleaning,bl1,93.04081630706787,robot_10,93.04081630706787
test_10_10_t_surveillance_i0_bl0,10,10,0,surveillance,bl0,445.5013659000397,robot_1,152.59331798553467
test_10_10_t_surveillance_i0_bl0,10,10,0,surveillance,bl0,445.5013659000397,robot_2,340.14268350601196
test_10_10_t_surveillance_i0_bl0,10,10,0,surveillance,bl0,445.5013659000397,robot_3,445.5013659000397
test_10_10_t_surveillance_i0_bl0,10,10,0,surveillance,bl0,445.5013659000397,robot_4,422.96359300613403
test_10_10_t_surveillance_i0_bl0,10,10,0,surveillance,bl0,445.5013659000397,robot_5,445.5013659000397
test_10_10_t_surveillance_i0_bl0,10,10,0,surveillance,bl0,445.5013659000397,robot_6,445.5013659000397
test_10_10_t_surveillance_i0_bl0,10,10,0,surveillance,bl0,445.5013659000397,robot_7,445.5013659000397
test_10_10_t_surveillance_i0_bl0,10,10,0,surveillance,bl0,445.5013659000397,robot_8,420.0415961742401
test_10_10_t_surveillance_i0_bl0,10,10,0,surveillance,bl0,445.5013659000397,robot_9,445.5013659000397
test_10_10_t_surveillance_i0_bl0,10,10,0,surveillance,bl0,445.5013659000397,robot_10,445.5013659000397
test_5_20_t_logistics_i0_bl0,5,20,0,logistics,bl0,1077.0225238800049,robot_1,384.8098473548889
test_5_20_t_logistics_i0_bl0,5,20,0,logistics,bl0,1077.0225238800049,robot_2,680.2723035812378
test_5_20_t_logistics_i0_bl0,5,20,0,logistics,bl0,1077.0225238800049,robot_3,1077.0225238800049
test_5_20_t_logistics_i0_bl0,5,20,0,logistics,bl0,1077.0225238800049,robot_4,1068.0224618911743
test_5_20_t_logistics_i0_bl0,5,20,0,logistics,bl0,1077.0225238800049,robot_5,1069.5027701854706
test_10_20_t_logistics_i2_bl2,10,20,2,logistics,bl2,1065.0404636859894,robot_1,501.13871335983276
test_10_20_t_logistics_i2_bl2,10,20,2,logistics,bl2,1065.0404636859894,robot_2,882.8616073131561
test_10_20_t_logistics_i2_bl2,10,20,2,logistics,bl2,1065.0404636859894,robot_3,926.3618242740631
test_10_20_t_logistics_i2_bl2,10,20,2,logistics,bl2,1065.0404636859894,robot_4,885.8984475135803
test_10_20_t_logistics_i2_bl2,10,20,2,logistics,bl2,1065.0404636859894,robot_5,1065.0404636859894
test_10_20_t_logistics_i2_bl2,10,20,2,logistics,bl2,1065.0404636859894,robot_6,1042.5022404193878
test_10_20_t_logistics_i2_bl2,10,20,2,logistics,bl2,1065.0404636859894,robot_7,1054.5017158985138
test_10_20_t_logistics_i2_bl2,10,20,2,logistics,bl2,1065.0404636859894,robot_8,1065.0404636859894
test_10_20_t_logistics_i2_bl2,10,20,2,logistics,bl2,1065.0404636859894,robot_9,1065.0404636859894
test_10_20_t_logistics_i2_bl2,10,20,2,logistics,bl2,1065.0404636859894,robot_10,1051.503982782364
test_2_20_t_cleaning_i1_bl0,2,20,1,cleaning,bl0,828.0100162029266,robot_1,55.48805046081543
test_2_20_t_cleaning_i1_bl0,2,20,1,cleaning,bl0,828.0100162029266,robot_2,767.9946043491364
test_5_2_t_agriculture_i2_multi3,5,2,2,agriculture,multi3,72.0226800441742,robot_1,36.024758100509644
test_5_2_t_agriculture_i2_multi3,5,2,2,agriculture,multi3,72.0226800441742,robot_2,72.0226800441742
test_5_2_t_agriculture_i2_multi3,5,2,2,agriculture,multi3,72.0226800441742,robot_3,28.499104976654053
test_5_2_t_agriculture_i2_multi3,5,2,2,agriculture,multi3,72.0226800441742,robot_4,52.503395557403564
test_5_2_t_agriculture_i2_multi3,5,2,2,agriculture,multi3,72.0226800441742,robot_5,39.02633857727051
test_10_10_t_surveillance_i1_multi3,10,10,1,surveillance,multi3,241.50216674804688,robot_1,224.9650468826294
test_10_10_t_surveillance_i1_multi3,10,10,1,surveillance,multi3,241.50216674804688,robot_2,208.42940473556519
test_10_10_t_surveillance_i1_multi3,10,10,1,surveillance,multi3,241.50216674804688,robot_3,91.27797770500183
test_10_10_t_surveillance_i1_multi3,10,10,1,surveillance,multi3,241.50216674804688,robot_4,101.88566970825195
test_10_10_t_surveillance_i1_multi3,10,10,1,surveillance,multi3,241.50216674804688,robot_5,218.9638261795044
test_10_10_t_surveillance_i1_multi3,10,10,1,surveillance,multi3,241.50216674804688,robot_6,211.50131058692932
test_10_10_t_surveillance_i1_multi3,10,10,1,surveillance,multi3,241.50216674804688,robot_7,179.96185874938965
test_10_10_t_surveillance_i1_multi3,10,10,1,surveillance,multi3,241.50216674804688,robot_8,212.96479892730713
test_10_10_t_surveillance_i1_multi3,10,10,1,surveillance,multi3,241.50216674804688,robot_9,224.9625425338745
test_10_10_t_surveillance_i1_multi3,10,10,1,surveillance,multi3,241.50216674804688,robot_10,223.5028154850006
test_2_10_t_logistics_i2_multi3,2,10,2,logistics,multi3,423.01064133644104,robot_1,160.47532272338867
test_2_10_t_logistics_i2_multi3,2,10,2,logistics,multi3,423.01064133644104,robot_2,89.94022679328918
test_10_20_t_logistics_i2_bl0,10,20,2,logistics,bl0,1068.0403110980988,robot_1,505.691255569458
test_10_20_t_logistics_i2_bl0,10,20,2,logistics,bl0,1068.0403110980988,robot_2,887.3573215007782
test_10_20_t_logistics_i2_bl0,10,20,2,logistics,bl0,1068.0403110980988,robot_3,915.8372826576233
test_10_20_t_logistics_i2_bl0,10,20,2,logistics,bl0,1068.0403110980988,robot_4,878.4057829380035
test_10_20_t_logistics_i2_bl0,10,20,2,logistics,bl0,1068.0403110980988,robot_5,1057.5038585662842
test_10_20_t_logistics_i2_bl0,10,20,2,logistics,bl0,1068.0403110980988,robot_6,1068.0403110980988
test_10_20_t_logistics_i2_bl0,10,20,2,logistics,bl0,1068.0403110980988,robot_7,1068.0403110980988
test_10_20_t_logistics_i2_bl0,10,20,2,logistics,bl0,1068.0403110980988,robot_8,1068.0403110980988
test_10_20_t_logistics_i2_bl0,10,20,2,logistics,bl0,1068.0403110980988,robot_9,1068.0403110980988
test_10_20_t_logistics_i2_bl0,10,20,2,logistics,bl0,1068.0403110980988,robot_10,1048.502607345581
test_2_20_t_cleaning_i1_bl2,2,20,1,cleaning,bl2,846.0105819702148,robot_1,130.47205758094788
test_2_20_t_cleaning_i1_bl2,2,20,1,cleaning,bl2,846.0105819702148,robot_2,703.4712715148926
test_5_10_t_logistics_i2_bl1,5,10,2,logistics,bl1,534.0221858024597,robot_1,319.2228355407715
test_5_10_t_logistics_i2_bl1,5,10,2,logistics,bl1,534.0221858024597,robot_2,281.7032473087311
test_5_10_t_logistics_i2_bl1,5,10,2,logistics,bl1,534.0221858024597,robot_3,458.98321318626404
test_5_10_t_logistics_i2_bl1,5,10,2,logistics,bl1,534.0221858024597,robot_4,534.0221858024597
test_5_10_t_logistics_i2_bl1,5,10,2,logistics,bl1,534.0221858024597,robot_5,522.0227499008179
test_10_20_t_agriculture_i0_bl1,10,20,0,agriculture,bl1,895.5022022724152,robot_1,257.3407187461853
test_10_20_t_agriculture_i0_bl1,10,20,0,agriculture,bl1,895.5022022724152,robot_2,865.4348404407501
test_10_20_t_agriculture_i0_bl1,10,20,0,agriculture,bl1,895.5022022724152,robot_3,659.2868535518646
test_10_20_t_agriculture_i0_bl1,10,20,0,agriculture,bl1,895.5022022724152,robot_4,890.9638133049011
test_10_20_t_agriculture_i0_bl1,10,20,0,agriculture,bl1,895.5022022724152,robot_5,880.5039184093475
test_10_20_t_agriculture_i0_bl1,10,20,0,agriculture,bl1,895.5022022724152,robot_6,895.5022022724152
test_10_20_t_agriculture_i0_bl1,10,20,0,agriculture,bl1,895.5022022724152,robot_7,895.5022022724152
test_10_20_t_agriculture_i0_bl1,10,20,0,agriculture,bl1,895.5022022724152,robot_8,895.5022022724152
test_10_20_t_agriculture_i0_bl1,10,20,0,agriculture,bl1,895.5022022724152,robot_9,895.5022022724152
test_10_20_t_agriculture_i0_bl1,10,20,0,agriculture,bl1,895.5022022724152,robot_10,880.504476070404
test_2_2_t_logistics_i0_bl1,2,2,0,logistics,bl1,136.50195932388306,robot_1,104.97873592376709
test_2_2_t_logistics_i0_bl1,2,2,0,logistics,bl1,136.50195932388306,robot_2,29.974673748016357
test_5_20_t_logistics_i0_bl2,5,20,0,logistics,bl2,1078.502106666565,robot_1,371.2979316711426
test_5_20_t_logistics_i0_bl2,5,20,0,logistics,bl2,1078.502106666565,robot_2,708.8666746616364
test_5_20_t_logistics_i0_bl2,5,20,0,logistics,bl2,1078.502106666565,robot_3,1078.502106666565
test_5_20_t_logistics_i0_bl2,5,20,0,logistics,bl2,1078.502106666565,robot_4,1078.502106666565
test_5_20_t_logistics_i0_bl2,5,20,0,logistics,bl2,1078.502106666565,robot_5,1054.4754016399384
test_2_10_t_surveillance_i2_bl1,2,10,2,surveillance,bl1,478.5019578933716,robot_1,149.89244294166565
test_2_10_t_surveillance_i2_bl1,2,10,2,surveillance,bl1,478.5019578933716,robot_2,305.8973376750946
test_10_10_t_surveillance_i0_bl2,10,10,0,surveillance,bl2,447.04083585739136,robot_1,151.1431953907013
test_10_10_t_surveillance_i0_bl2,10,10,0,surveillance,bl2,447.04083585739136,robot_2,344.66475915908813
test_10_10_t_surveillance_i0_bl2,10,10,0,surveillance,bl2,447.04083585739136,robot_3,447.04083585739136
test_10_10_t_surveillance_i0_bl2,10,10,0,surveillance,bl2,447.04083585739136,robot_4,435.0420582294464
test_10_10_t_surveillance_i0_bl2,10,10,0,surveillance,bl2,447.04083585739136,robot_5,435.0410315990448
test_10_10_t_surveillance_i0_bl2,10,10,0,surveillance,bl2,447.04083585739136,robot_6,432.03993916511536
test_10_10_t_surveillance_i0_bl2,10,10,0,surveillance,bl2,447.04083585739136,robot_7,447.04083585739136
test_10_10_t_surveillance_i0_bl2,10,10,0,surveillance,bl2,447.04083585739136,robot_8,425.9641954898834
test_10_10_t_surveillance_i0_bl2,10,10,0,surveillance,bl2,447.04083585739136,robot_9,447.04083585739136
test_10_10_t_surveillance_i0_bl2,10,10,0,surveillance,bl2,447.04083585739136,robot_10,447.04083585739136
test_2_10_t_cleaning_i0_bl2,2,10,0,cleaning,bl2,465.01066422462463,robot_1,89.9772253036499
test_2_10_t_cleaning_i0_bl2,2,10,0,cleaning,bl2,465.01066422462463,robot_2,382.4661762714386
test_5_20_t_agriculture_i2_multi3,5,20,2,agriculture,multi3,291.0223476886749,robot_1,82.46191167831421
test_5_20_t_agriculture_i2_multi3,5,20,2,agriculture,multi3,291.0223476886749,robot_2,160.47696328163147
test_5_20_t_agriculture_i2_multi3,5,20,2,agriculture,multi3,291.0223476886749,robot_3,85.46230745315552
test_5_20_t_agriculture_i2_multi3,5,20,2,agriculture,multi3,291.0223476886749,robot_4,32.982948303222656
test_5_20_t_agriculture_i2_multi3,5,20,2,agriculture,multi3,291.0223476886749,robot_5,37.47673797607422
test_5_2_t_agriculture_i1_bl2,5,2,1,agriculture,bl2,118.50194549560547,robot_1,103.50213813781738
test_5_2_t_agriculture_i1_bl2,5,2,1,agriculture,bl2,118.50194549560547,robot_2,71.98249983787537
test_5_2_t_agriculture_i1_bl2,5,2,1,agriculture,bl2,118.50194549560547,robot_3,89.94407343864441
test_5_2_t_agriculture_i1_bl2,5,2,1,agriculture,bl2,118.50194549560547,robot_4,88.47400331497192
test_5_2_t_agriculture_i1_bl2,5,2,1,agriculture,bl2,118.50194549560547,robot_5,109.50232243537903
test_2_2_t_agriculture_i0_bl2,2,2,0,agriculture,bl2,111.0108392238617,robot_1,36.00086545944214
test_2_2_t_agriculture_i0_bl2,2,2,0,agriculture,bl2,111.0108392238617,robot_2,76.48493385314941
test_10_10_t_logistics_i0_bl2,10,10,0,logistics,bl2,568.5021946430206,robot_1,281.66651678085327
test_10_10_t_logistics_i0_bl2,10,10,0,logistics,bl2,568.5021946430206,robot_2,449.6667981147766
test_10_10_t_logistics_i0_bl2,10,10,0,logistics,bl2,568.5021946430206,robot_3,554.9635322093964
test_10_10_t_logistics_i0_bl2,10,10,0,logistics,bl2,568.5021946430206,robot_4,412.0529160499573
test_10_10_t_logistics_i0_bl2,10,10,0,logistics,bl2,568.5021946430206,robot_5,568.5021946430206
test_10_10_t_logistics_i0_bl2,10,10,0,logistics,bl2,568.5021946430206,robot_6,568.5021946430206
test_10_10_t_logistics_i0_bl2,10,10,0,logistics,bl2,568.5021946430206,robot_7,568.5021946430206
test_10_10_t_logistics_i0_bl2,10,10,0,logistics,bl2,568.5021946430206,robot_8,568.5021946430206
test_10_10_t_logistics_i0_bl2,10,10,0,logistics,bl2,568.5021946430206,robot_9,568.5021946430206
test_10_10_t_logistics_i0_bl2,10,10,0,logistics,bl2,568.5021946430206,robot_10,568.5021946430206
test_2_20_t_logistics_i1_bl2,2,20,1,logistics,bl2,1003.5022320747375,robot_1,368.8035991191864
test_2_20_t_logistics_i1_bl2,2,20,1,logistics,bl2,1003.5022320747375,robot_2,611.8036022186279
test_10_2_t_cleaning_i2_bl2,10,2,2,cleaning,bl2,93.03978967666626,robot_1,81.04038166999817
test_10_2_t_cleaning_i2_bl2,10,2,2,cleaning,bl2,93.03978967666626,robot_2,56.96556997299194
test_10_2_t_cleaning_i2_bl2,10,2,2,cleaning,bl2,93.03978967666626,robot_3,93.03978967666626
test_10_2_t_cleaning_i2_bl2,10,2,2,cleaning,bl2,93.03978967666626,robot_4,75.03598022460938
test_10_2_t_cleaning_i2_bl2,10,2,2,cleaning,bl2,93.03978967666626,robot_5,73.50229954719543
test_10_2_t_cleaning_i2_bl2,10,2,2,cleaning,bl2,93.03978967666626,robot_6,93.03978967666626
test_10_2_t_cleaning_i2_bl2,10,2,2,cleaning,bl2,93.03978967666626,robot_7,93.03978967666626
test_10_2_t_cleaning_i2_bl2,10,2,2,cleaning,bl2,93.03978967666626,robot_8,79.50184082984924
test_10_2_t_cleaning_i2_bl2,10,2,2,cleaning,bl2,93.03978967666626,robot_9,93.03978967666626
test_10_2_t_cleaning_i2_bl2,10,2,2,cleaning,bl2,93.03978967666626,robot_10,93.03978967666626
test_2_10_t_surveillance_i2_bl0,2,10,2,surveillance,bl0,477.01076436042786,robot_1,188.9173150062561
test_2_10_t_surveillance_i2_bl0,2,10,2,surveillance,bl0,477.01076436042786,robot_2,271.40218782424927
test_2_2_t_logistics_i0_bl0,2,2,0,logistics,bl0,138.01001834869385,robot_1,86.97589802742004
test_2_2_t_logistics_i0_bl0,2,2,0,logistics,bl0,138.01001834869385,robot_2,46.48519158363342
test_2_20_t_agriculture_i0_multi3,2,20,0,agriculture,multi3,645.0111031532288,robot_1,7.501689672470093
test_2_20_t_agriculture_i0_multi3,2,20,0,agriculture,multi3,645.0111031532288,robot_2,209.9940152168274
test_10_20_t_agriculture_i0_bl0,10,20,0,agriculture,bl0,895.5021674633026,robot_1,245.25411367416382
test_10_20_t_agriculture_i0_bl0,10,20,0,agriculture,bl0,895.5021674633026,robot_2,877.5236582756042
test_10_20_t_agriculture_i0_bl0,10,20,0,agriculture,bl0,895.5021674633026,robot_3,662.288982629776
test_10_20_t_agriculture_i0_bl0,10,20,0,agriculture,bl0,895.5021674633026,robot_4,880.5039632320404
test_10_20_t_agriculture_i0_bl0,10,20,0,agriculture,bl0,895.5021674633026,robot_5,895.5021674633026
test_10_20_t_agriculture_i0_bl0,10,20,0,agriculture,bl0,895.5021674633026,robot_6,892.5016102790833
test_10_20_t_agriculture_i0_bl0,10,20,0,agriculture,bl0,895.5021674633026,robot_7,895.5021674633026
test_10_20_t_agriculture_i0_bl0,10,20,0,agriculture,bl0,895.5021674633026,robot_8,895.5021674633026
test_10_20_t_agriculture_i0_bl0,10,20,0,agriculture,bl0,895.5021674633026,robot_9,880.5022656917572
test_10_20_t_agriculture_i0_bl0,10,20,0,agriculture,bl0,895.5021674633026,robot_10,895.5021674633026
test_5_10_t_logistics_i2_bl0,5,10,2,logistics,bl0,534.0223989486694,robot_1,316.23598527908325
test_5_10_t_logistics_i2_bl0,5,10,2,logistics,bl0,534.0223989486694,robot_2,268.18114042282104
test_5_10_t_logistics_i2_bl0,5,10,2,logistics,bl0,534.0223989486694,robot_3,483.0253064632416
test_5_10_t_logistics_i2_bl0,5,10,2,logistics,bl0,534.0223989486694,robot_4,534.0223989486694
test_5_10_t_logistics_i2_bl0,5,10,2,logistics,bl0,534.0223989486694,robot_5,514.502613067627
test_10_20_t_logistics_i2_bl1,10,20,2,logistics,bl1,1069.5022649765015,robot_1,499.5474908351898
test_10_20_t_logistics_i2_bl1,10,20,2,logistics,bl1,1069.5022649765015,robot_2,878.2931153774261
test_10_20_t_logistics_i2_bl1,10,20,2,logistics,bl1,1069.5022649765015,robot_3,930.8127596378326
test_10_20_t_logistics_i2_bl1,10,20,2,logistics,bl1,1069.5022649765015,robot_4,890.3527269363403
test_10_20_t_logistics_i2_bl1,10,20,2,logistics,bl1,1069.5022649765015,robot_5,1069.5022649765015
test_10_20_t_logistics_i2_bl1,10,20,2,logistics,bl1,1069.5022649765015,robot_6,1069.5022649765015
test_10_20_t_logistics_i2_bl1,10,20,2,logistics,bl1,1069.5022649765015,robot_7,1069.5022649765015
test_10_20_t_logistics_i2_bl1,10,20,2,logistics,bl1,1069.5022649765015,robot_8,1061.9637897014618
test_10_20_t_logistics_i2_bl1,10,20,2,logistics,bl1,1069.5022649765015,robot_9,1069.5022649765015
test_10_20_t_logistics_i2_bl1,10,20,2,logistics,bl1,1069.5022649765015,robot_10,1039.5058932304382
test_5_10_t_agriculture_i2_bl0,5,10,2,agriculture,bl0,433.5020728111267,robot_1,152.86782121658325
test_5_10_t_agriculture_i2_bl0,5,10,2,agriculture,bl0,433.5020728111267,robot_2,413.9805197715759
test_5_10_t_agriculture_i2_bl0,5,10,2,agriculture,bl0,433.5020728111267,robot_3,412.46247005462646
test_5_10_t_agriculture_i2_bl0,5,10,2,agriculture,bl0,433.5020728111267,robot_4,400.4639003276825
test_5_10_t_agriculture_i2_bl0,5,10,2,agriculture,bl0,433.5020728111267,robot_5,341.8290693759918
test_5_2_t_logistics_i2_multi3,5,2,2,logistics,multi3,114.02230620384216,robot_1,114.02230620384216
test_5_2_t_logistics_i2_multi3,5,2,2,logistics,multi3,114.02230620384216,robot_2,83.98322343826294
test_5_2_t_logistics_i2_multi3,5,2,2,logistics,multi3,114.02230620384216,robot_3,93.02280402183533
test_5_2_t_logistics_i2_multi3,5,2,2,logistics,multi3,114.02230620384216,robot_4,61.502315521240234
test_5_2_t_logistics_i2_multi3,5,2,2,logistics,multi3,114.02230620384216,robot_5,70.50331854820251
test_10_20_t_agriculture_i1_bl1,10,20,1,agriculture,bl1,807.0405809879303,robot_1,209.3086874485016
test_10_20_t_agriculture_i1_bl1,10,20,1,agriculture,bl1,807.0405809879303,robot_2,807.0405809879303
test_10_20_t_agriculture_i1_bl1,10,20,1,agriculture,bl1,807.0405809879303,robot_3,611.2867572307587
test_10_20_t_agriculture_i1_bl1,10,20,1,agriculture,bl1,807.0405809879303,robot_4,807.0405809879303
test_10_20_t_agriculture_i1_bl1,10,20,1,agriculture,bl1,807.0405809879303,robot_5,790.5022451877594
test_10_20_t_agriculture_i1_bl1,10,20,1,agriculture,bl1,807.0405809879303,robot_6,792.0412609577179
test_10_20_t_agriculture_i1_bl1,10,20,1,agriculture,bl1,807.0405809879303,robot_7,807.0405809879303
test_10_20_t_agriculture_i1_bl1,10,20,1,agriculture,bl1,807.0405809879303,robot_8,807.0405809879303
test_10_20_t_agriculture_i1_bl1,10,20,1,agriculture,bl1,807.0405809879303,robot_9,807.0405809879303
test_10_20_t_agriculture_i1_bl1,10,20,1,agriculture,bl1,807.0405809879303,robot_10,807.0405809879303
test_2_2_t_logistics_i1_bl1,2,2,1,logistics,bl1,108.00995516777039,robot_1,55.48318433761597
test_2_2_t_logistics_i1_bl1,2,2,1,logistics,bl1,108.00995516777039,robot_2,53.97665452957153
test_2_20_t_agriculture_i2_bl1,2,20,2,agriculture,bl1,931.5022110939026,robot_1,391.19033765792847
test_2_20_t_agriculture_i2_bl1,2,20,2,agriculture,bl1,931.5022110939026,robot_2,518.6916024684906
test_2_20_t_cleaning_i0_bl2,2,20,0,cleaning,bl2,957.0107705593109,robot_1,491.87890577316284
test_2_20_t_cleaning_i0_bl2,2,20,0,cleaning,bl2,957.0107705593109,robot_2,448.3746361732483
test_2_10_t_logistics_i2_bl0,2,10,2,logistics,bl0,522.0105459690094,robot_1,200.8532395362854
test_2_10_t_logistics_i2_bl0,2,10,2,logistics,bl0,522.0105459690094,robot_2,311.8632242679596
test_5_10_t_agriculture_i2_multi3,5,10,2,agriculture,multi3,175.50209403038025,robot_1,41.9953453540802
test_5_10_t_agriculture_i2_multi3,5,10,2,agriculture,multi3,175.50209403038025,robot_2,67.42159271240234
test_5_10_t_agriculture_i2_multi3,5,10,2,agriculture,multi3,175.50209403038025,robot_3,79.50534439086914
test_5_10_t_agriculture_i2_multi3,5,10,2,agriculture,multi3,175.50209403038025,robot_4,116.99794864654541
test_5_10_t_agriculture_i2_multi3,5,10,2,agriculture,multi3,175.50209403038025,robot_5,44.99232459068298
test_10_20_t_cleaning_i1_multi3,10,20,1,cleaning,multi3,133.5022268295288,robot_1,79.42926025390625
test_10_20_t_cleaning_i1_multi3,10,20,1,cleaning,multi3,133.5022268295288,robot_2,95.96194648742676
test_10_20_t_cleaning_i1_multi3,10,20,1,cleaning,multi3,133.5022268295288,robot_3,97.50657033920288
test_10_20_t_cleaning_i1_multi3,10,20,1,cleaning,multi3,133.5022268295288,robot_4,73.50583124160767
test_10_20_t_cleaning_i1_multi3,10,20,1,cleaning,multi3,133.5022268295288,robot_5,121.50430369377136
test_10_20_t_cleaning_i1_multi3,10,20,1,cleaning,multi3,133.5022268295288,robot_6,62.968942403793335
test_10_20_t_cleaning_i1_multi3,10,20,1,cleaning,multi3,133.5022268295288,robot_7,83.96597218513489
test_10_20_t_cleaning_i1_multi3,10,20,1,cleaning,multi3,133.5022268295288,robot_8,97.42646527290344
test_10_20_t_cleaning_i1_multi3,10,20,1,cleaning,multi3,133.5022268295288,robot_9,40.48398399353027
test_10_20_t_cleaning_i1_multi3,10,20,1,cleaning,multi3,133.5022268295288,robot_10,76.52950048446655
test_5_2_t_surveillance_i2_bl1,5,2,2,surveillance,bl1,94.50203251838684,robot_1,65.9815263748169
test_5_2_t_surveillance_i2_bl1,5,2,2,surveillance,bl1,94.50203251838684,robot_2,58.45966696739197
test_5_2_t_surveillance_i2_bl1,5,2,2,surveillance,bl1,94.50203251838684,robot_3,94.50203251838684
test_5_2_t_surveillance_i2_bl1,5,2,2,surveillance,bl1,94.50203251838684,robot_4,73.50350689888
test_5_2_t_surveillance_i2_bl1,5,2,2,surveillance,bl1,94.50203251838684,robot_5,76.46282172203064
test_2_10_t_cleaning_i2_multi3,2,10,2,cleaning,multi3,295.5020887851715,robot_1,22.502034425735474
test_2_10_t_cleaning_i2_multi3,2,10,2,cleaning,multi3,295.5020887851715,robot_2,12.01259160041809
test_5_2_t_agriculture_i0_bl2,5,2,0,agriculture,bl2,96.02226686477661,robot_1,43.50293159484863
test_5_2_t_agriculture_i0_bl2,5,2,0,agriculture,bl2,96.02226686477661,robot_2,93.0215711593628
test_5_2_t_agriculture_i0_bl2,5,2,0,agriculture,bl2,96.02226686477661,robot_3,93.02204394340515
test_5_2_t_agriculture_i0_bl2,5,2,0,agriculture,bl2,96.02226686477661,robot_4,96.02226686477661
test_5_2_t_agriculture_i0_bl2,5,2,0,agriculture,bl2,96.02226686477661,robot_5,56.982450008392334
test_10_20_t_logistics_i1_multi3,10,20,1,logistics,multi3,643.5022349357605,robot_1,562.5017504692078
test_10_20_t_logistics_i1_multi3,10,20,1,logistics,multi3,643.5022349357605,robot_2,574.5034167766571
test_10_20_t_logistics_i1_multi3,10,20,1,logistics,multi3,643.5022349357605,robot_3,607.5071024894714
test_10_20_t_logistics_i1_multi3,10,20,1,logistics,multi3,643.5022349357605,robot_4,323.7180960178375
test_10_20_t_logistics_i1_multi3,10,20,1,logistics,multi3,643.5022349357605,robot_5,320.7128562927246
test_10_20_t_logistics_i1_multi3,10,20,1,logistics,multi3,643.5022349357605,robot_6,643.5022349357605
test_10_20_t_logistics_i1_multi3,10,20,1,logistics,multi3,643.5022349357605,robot_7,643.5022349357605
test_10_20_t_logistics_i1_multi3,10,20,1,logistics,multi3,643.5022349357605,robot_8,556.5046637058258
test_10_20_t_logistics_i1_multi3,10,20,1,logistics,multi3,643.5022349357605,robot_9,533.9662616252899
test_10_20_t_logistics_i1_multi3,10,20,1,logistics,multi3,643.5022349357605,robot_10,407.6606605052948
test_5_10_t_surveillance_i1_multi3,5,10,1,surveillance,multi3,270.02212619781494,robot_1,89.86461997032166
test_5_10_t_surveillance_i1_multi3,5,10,1,surveillance,multi3,270.02212619781494,robot_2,191.98390245437622
test_5_10_t_surveillance_i1_multi3,5,10,1,surveillance,multi3,270.02212619781494,robot_3,125.943284034729
test_5_10_t_surveillance_i1_multi3,5,10,1,surveillance,multi3,270.02212619781494,robot_4,208.46107530593872
test_5_10_t_surveillance_i1_multi3,5,10,1,surveillance,multi3,270.02212619781494,robot_5,225.02316546440125
test_5_20_t_logistics_i1_bl2,5,20,1,logistics,bl2,1050.0226390361786,robot_1,476.32450580596924
test_5_20_t_logistics_i1_bl2,5,20,1,logistics,bl2,1050.0226390361786,robot_2,572.2396769523621
test_5_20_t_logistics_i1_bl2,5,20,1,logistics,bl2,1050.0226390361786,robot_3,998.9795417785645
test_5_20_t_logistics_i1_bl2,5,20,1,logistics,bl2,1050.0226390361786,robot_4,1050.0226390361786
test_5_20_t_logistics_i1_bl2,5,20,1,logistics,bl2,1050.0226390361786,robot_5,1050.0226390361786
test_10_10_t_surveillance_i1_bl2,10,10,1,surveillance,bl2,438.04065775871277,robot_1,220.22365069389343
test_10_10_t_surveillance_i1_bl2,10,10,1,surveillance,bl2,438.04065775871277,robot_2,430.5036129951477
test_10_10_t_surveillance_i1_bl2,10,10,1,surveillance,bl2,438.04065775871277,robot_3,332.6740047931671
test_10_10_t_surveillance_i1_bl2,10,10,1,surveillance,bl2,438.04065775871277,robot_4,320.6710891723633
test_10_10_t_surveillance_i1_bl2,10,10,1,surveillance,bl2,438.04065775871277,robot_5,438.04065775871277
test_10_10_t_surveillance_i1_bl2,10,10,1,surveillance,bl2,438.04065775871277,robot_6,438.04065775871277
test_10_10_t_surveillance_i1_bl2,10,10,1,surveillance,bl2,438.04065775871277,robot_7,438.04065775871277
test_10_10_t_surveillance_i1_bl2,10,10,1,surveillance,bl2,438.04065775871277,robot_8,423.04130935668945
test_10_10_t_surveillance_i1_bl2,10,10,1,surveillance,bl2,438.04065775871277,robot_9,435.04165720939636
test_10_10_t_surveillance_i1_bl2,10,10,1,surveillance,bl2,438.04065775871277,robot_10,438.04065775871277
test_2_10_t_cleaning_i1_bl2,2,10,1,cleaning,bl2,511.5022656917572,robot_1,203.93128776550293
test_2_10_t_cleaning_i1_bl2,2,10,1,cleaning,bl2,511.5022656917572,robot_2,292.4241862297058
test_2_10_t_surveillance_i0_multi3,2,10,0,surveillance,multi3,382.502149105072,robot_1,211.4522306919098
test_2_10_t_surveillance_i0_multi3,2,10,0,surveillance,multi3,382.502149105072,robot_2,37.48762845993042
test_5_20_t_surveillance_i2_bl2,5,20,2,surveillance,bl2,865.5021946430206,robot_1,368.6955645084381
test_5_20_t_surveillance_i2_bl2,5,20,2,surveillance,bl2,865.5021946430206,robot_2,478.1087715625763
test_5_20_t_surveillance_i2_bl2,5,20,2,surveillance,bl2,865.5021946430206,robot_3,855.0238220691681
test_5_20_t_surveillance_i2_bl2,5,20,2,surveillance,bl2,865.5021946430206,robot_4,865.5021946430206
test_5_20_t_surveillance_i2_bl2,5,20,2,surveillance,bl2,865.5021946430206,robot_5,865.5021946430206
test_2_20_t_logistics_i0_bl2,2,20,0,logistics,bl2,1026.0104281902313,robot_1,59.97639989852905
test_2_20_t_logistics_i0_bl2,2,20,0,logistics,bl2,1026.0104281902313,robot_2,958.4854898452759
test_10_10_t_logistics_i1_bl2,10,10,1,logistics,bl2,612.0404036045074,robot_1,230.27824711799622
test_10_10_t_logistics_i1_bl2,10,10,1,logistics,bl2,612.0404036045074,robot_2,408.9098222255707
test_10_10_t_logistics_i1_bl2,10,10,1,logistics,bl2,612.0404036045074,robot_3,612.0404036045074
test_10_10_t_logistics_i1_bl2,10,10,1,logistics,bl2,612.0404036045074,robot_4,597.0427448749542
test_10_10_t_logistics_i1_bl2,10,10,1,logistics,bl2,612.0404036045074,robot_5,601.5025095939636
test_10_10_t_logistics_i1_bl2,10,10,1,logistics,bl2,612.0404036045074,robot_6,612.0404036045074
test_10_10_t_logistics_i1_bl2,10,10,1,logistics,bl2,612.0404036045074,robot_7,606.0409624576569
test_10_10_t_logistics_i1_bl2,10,10,1,logistics,bl2,612.0404036045074,robot_8,612.0404036045074
test_10_10_t_logistics_i1_bl2,10,10,1,logistics,bl2,612.0404036045074,robot_9,612.0404036045074
test_10_10_t_logistics_i1_bl2,10,10,1,logistics,bl2,612.0404036045074,robot_10,601.501442193985
test_2_2_t_agriculture_i1_bl2,2,2,1,agriculture,bl2,121.50210499763489,robot_1,70.48700857162476
test_2_2_t_agriculture_i1_bl2,2,2,1,agriculture,bl2,121.50210499763489,robot_2,52.46767616271973
test_2_2_t_agriculture_i2_multi3,2,2,2,agriculture,multi3,96.01086163520813,robot_1,30.002946615219116
test_2_2_t_agriculture_i2_multi3,2,2,2,agriculture,multi3,96.01086163520813,robot_2,34.504194259643555
test_5_20_t_cleaning_i2_multi3,5,20,2,cleaning,multi3,303.02234983444214,robot_1,90.02281212806702
test_5_20_t_cleaning_i2_multi3,5,20,2,cleaning,multi3,303.02234983444214,robot_2,67.46511244773865
test_5_20_t_cleaning_i2_multi3,5,20,2,cleaning,multi3,303.02234983444214,robot_3,6.022771835327148
test_5_20_t_cleaning_i2_multi3,5,20,2,cleaning,multi3,303.02234983444214,robot_4,97.50257873535156
test_5_20_t_cleaning_i2_multi3,5,20,2,cleaning,multi3,303.02234983444214,robot_5,189.0225706100464
test_5_2_t_surveillance_i2_bl0,5,2,2,surveillance,bl0,97.50215172767639,robot_1,61.461727142333984
test_5_2_t_surveillance_i2_bl0,5,2,2,surveillance,bl0,97.50215172767639,robot_2,68.98198747634888
test_5_2_t_surveillance_i2_bl0,5,2,2,surveillance,bl0,97.50215172767639,robot_3,86.98221135139465
test_5_2_t_surveillance_i2_bl0,5,2,2,surveillance,bl0,97.50215172767639,robot_4,85.46332025527954
test_5_2_t_surveillance_i2_bl0,5,2,2,surveillance,bl0,97.50215172767639,robot_5,88.50197196006775
test_2_10_t_agriculture_i0_multi3,2,10,0,agriculture,multi3,433.5013449192047,robot_1,121.50432276725769
test_2_10_t_agriculture_i0_multi3,2,10,0,agriculture,multi3,433.5013449192047,robot_2,190.49481797218323
test_2_10_t_logistics_i2_bl1,2,10,2,logistics,bl1,523.5020895004272,robot_1,185.84812021255493
test_2_10_t_logistics_i2_bl1,2,10,2,logistics,bl1,523.5020895004272,robot_2,325.340149641037
test_10_10_t_logistics_i0_multi3,10,10,0,logistics,multi3,345.0404589176178,robot_1,215.8241102695465
test_10_10_t_logistics_i0_multi3,10,10,0,logistics,multi3,345.0404589176178,robot_2,309.042352437973
test_10_10_t_logistics_i0_multi3,10,10,0,logistics,multi3,345.0404589176178,robot_3,330.04256772994995
test_10_10_t_logistics_i0_multi3,10,10,0,logistics,multi3,345.0404589176178,robot_4,306.0430545806885
test_10_10_t_logistics_i0_multi3,10,10,0,logistics,multi3,345.0404589176178,robot_5,148.40069842338562
test_10_10_t_logistics_i0_multi3,10,10,0,logistics,multi3,345.0404589176178,robot_6,314.98803758621216
test_10_10_t_logistics_i0_multi3,10,10,0,logistics,multi3,345.0404589176178,robot_7,300.0423731803894
test_10_10_t_logistics_i0_multi3,10,10,0,logistics,multi3,345.0404589176178,robot_8,313.50067496299744
test_10_10_t_logistics_i0_multi3,10,10,0,logistics,multi3,345.0404589176178,robot_9,242.8343949317932
test_10_10_t_logistics_i0_multi3,10,10,0,logistics,multi3,345.0404589176178,robot_10,300.04011702537537
test_5_20_t_surveillance_i2_multi3,5,20,2,surveillance,multi3,555.0227589607239,robot_1,304.1419723033905
test_5_20_t_surveillance_i2_multi3,5,20,2,surveillance,multi3,555.0227589607239,robot_2,372.01808762550354
test_5_20_t_surveillance_i2_multi3,5,20,2,surveillance,multi3,555.0227589607239,robot_3,128.82306289672852
test_5_20_t_surveillance_i2_multi3,5,20,2,surveillance,multi3,555.0227589607239,robot_4,415.42208790779114
test_5_20_t_surveillance_i2_multi3,5,20,2,surveillance,multi3,555.0227589607239,robot_5,506.99616837501526
test_2_20_t_agriculture_i2_bl0,2,20,2,agriculture,bl0,930.0109741687775,robot_1,410.69067883491516
test_2_20_t_agriculture_i2_bl0,2,20,2,agriculture,bl0,930.0109741687775,robot_2,482.68357825279236
test_2_2_t_logistics_i1_bl0,2,2,1,logistics,bl0,106.5019702911377,robot_1,59.97831439971924
test_2_2_t_logistics_i1_bl0,2,2,1,logistics,bl0,106.5019702911377,robot_2,50.98333382606506
test_10_20_t_agriculture_i1_bl0,10,20,1,agriculture,bl0,807.0408551692963,robot_1,228.87477827072144
test_10_20_t_agriculture_i1_bl0,10,20,1,agriculture,bl0,807.0408551692963,robot_2,807.0408551692963
test_10_20_t_agriculture_i1_bl0,10,20,1,agriculture,bl0,807.0408551692963,robot_3,587.3210134506226
test_10_20_t_agriculture_i1_bl0,10,20,1,agriculture,bl0,807.0408551692963,robot_4,807.0408551692963
test_10_20_t_agriculture_i1_bl0,10,20,1,agriculture,bl0,807.0408551692963,robot_5,807.0408551692963
test_10_20_t_agriculture_i1_bl0,10,20,1,agriculture,bl0,807.0408551692963,robot_6,807.0408551692963
test_10_20_t_agriculture_i1_bl0,10,20,1,agriculture,bl0,807.0408551692963,robot_7,807.0408551692963
test_10_20_t_agriculture_i1_bl0,10,20,1,agriculture,bl0,807.0408551692963,robot_8,807.0408551692963
test_10_20_t_agriculture_i1_bl0,10,20,1,agriculture,bl0,807.0408551692963,robot_9,807.0408551692963
test_10_20_t_agriculture_i1_bl0,10,20,1,agriculture,bl0,807.0408551692963,robot_10,793.5026547908783
test_10_2_t_logistics_i1_multi3,10,2,1,logistics,multi3,70.50218081474304,robot_1,64.50138711929321
test_10_2_t_logistics_i1_multi3,10,2,1,logistics,multi3,70.50218081474304,robot_2,70.50218081474304
test_10_2_t_logistics_i1_multi3,10,2,1,logistics,multi3,70.50218081474304,robot_3,70.50218081474304
test_10_2_t_logistics_i1_multi3,10,2,1,logistics,multi3,70.50218081474304,robot_4,59.9616596698761
test_10_2_t_logistics_i1_multi3,10,2,1,logistics,multi3,70.50218081474304,robot_5,58.50303864479065
test_10_2_t_logistics_i1_multi3,10,2,1,logistics,multi3,70.50218081474304,robot_6,22.426048278808594
test_10_2_t_logistics_i1_multi3,10,2,1,logistics,multi3,70.50218081474304,robot_7,47.940239906311035
test_10_2_t_logistics_i1_multi3,10,2,1,logistics,multi3,70.50218081474304,robot_8,70.50218081474304
test_10_2_t_logistics_i1_multi3,10,2,1,logistics,multi3,70.50218081474304,robot_9,59.96258878707886
test_10_2_t_logistics_i1_multi3,10,2,1,logistics,multi3,70.50218081474304,robot_10,70.50218081474304
test_5_10_t_agriculture_i2_bl1,5,10,2,agriculture,bl1,433.50212025642395,robot_1,136.34284901618958
test_5_10_t_agriculture_i2_bl1,5,10,2,agriculture,bl1,433.50212025642395,robot_2,413.9822964668274
test_5_10_t_agriculture_i2_bl1,5,10,2,agriculture,bl1,433.50212025642395,robot_3,404.9841001033783
test_5_10_t_agriculture_i2_bl1,5,10,2,agriculture,bl1,433.50212025642395,robot_4,428.9820485115051
test_5_10_t_agriculture_i2_bl1,5,10,2,agriculture,bl1,433.50212025642395,robot_5,335.820353269577
test_10_20_t_agriculture_i1_bl2,10,20,1,agriculture,bl2,807.0394721031189,robot_1,219.87504696846008
test_10_20_t_agriculture_i1_bl2,10,20,1,agriculture,bl2,807.0394721031189,robot_2,799.5020649433136
test_10_20_t_agriculture_i1_bl2,10,20,1,agriculture,bl2,807.0394721031189,robot_3,605.3016278743744
test_10_20_t_agriculture_i1_bl2,10,20,1,agriculture,bl2,807.0394721031189,robot_4,807.0394721031189
test_10_20_t_agriculture_i1_bl2,10,20,1,agriculture,bl2,807.0394721031189,robot_5,807.0394721031189
test_10_20_t_agriculture_i1_bl2,10,20,1,agriculture,bl2,807.0394721031189,robot_6,807.0394721031189
test_10_20_t_agriculture_i1_bl2,10,20,1,agriculture,bl2,807.0394721031189,robot_7,807.0394721031189
test_10_20_t_agriculture_i1_bl2,10,20,1,agriculture,bl2,807.0394721031189,robot_8,796.5017688274384
test_10_20_t_agriculture_i1_bl2,10,20,1,agriculture,bl2,807.0394721031189,robot_9,792.0414402484894
test_10_20_t_agriculture_i1_bl2,10,20,1,agriculture,bl2,807.0394721031189,robot_10,807.0394721031189
test_2_20_t_agriculture_i2_bl2,2,20,2,agriculture,bl2,930.0109369754791,robot_1,422.70903635025024
test_2_20_t_agriculture_i2_bl2,2,20,2,agriculture,bl2,930.0109369754791,robot_2,487.2065110206604
test_2_2_t_logistics_i1_bl2,2,2,1,logistics,bl2,109.50208115577698,robot_1,38.97552943229675
test_2_2_t_logistics_i1_bl2,2,2,1,logistics,bl2,109.50208115577698,robot_2,67.46552014350891
test_2_20_t_cleaning_i0_bl1,2,20,0,cleaning,bl1,960.010596036911,robot_1,428.8584201335907
test_2_20_t_cleaning_i0_bl1,2,20,0,cleaning,bl1,960.010596036911,robot_2,517.3572726249695
test_5_2_t_surveillance_i2_multi3,5,2,2,surveillance,multi3,69.02246856689453,robot_1,34.48656368255615
test_5_2_t_surveillance_i2_multi3,5,2,2,surveillance,multi3,69.02246856689453,robot_2,48.02282428741455
test_5_2_t_surveillance_i2_multi3,5,2,2,surveillance,multi3,69.02246856689453,robot_3,69.02246856689453
test_5_2_t_surveillance_i2_multi3,5,2,2,surveillance,multi3,69.02246856689453,robot_4,14.981730461120605
test_5_2_t_surveillance_i2_multi3,5,2,2,surveillance,multi3,69.02246856689453,robot_5,69.02246856689453
test_5_2_t_surveillance_i2_bl2,5,2,2,surveillance,bl2,94.50203227996826,robot_1,59.981077432632446
test_5_2_t_surveillance_i2_bl2,5,2,2,surveillance,bl2,94.50203227996826,robot_2,65.98231053352356
test_5_2_t_surveillance_i2_bl2,5,2,2,surveillance,bl2,94.50203227996826,robot_3,83.9815399646759
test_5_2_t_surveillance_i2_bl2,5,2,2,surveillance,bl2,94.50203227996826,robot_4,71.98435616493225
test_5_2_t_surveillance_i2_bl2,5,2,2,surveillance,bl2,94.50203227996826,robot_5,94.50203227996826
test_2_2_t_agriculture_i1_bl0,2,2,1,agriculture,bl0,118.50210690498352,robot_1,46.486186504364014
test_2_2_t_agriculture_i1_bl0,2,2,1,agriculture,bl0,118.50210690498352,robot_2,67.4874222278595
test_5_2_t_agriculture_i0_bl1,5,2,0,agriculture,bl1,97.5020604133606,robot_1,52.46361708641052
test_5_2_t_agriculture_i0_bl1,5,2,0,agriculture,bl1,97.5020604133606,robot_2,85.50189995765686
test_5_2_t_agriculture_i0_bl1,5,2,0,agriculture,bl1,97.5020604133606,robot_3,77.98222017288208
test_5_2_t_agriculture_i0_bl1,5,2,0,agriculture,bl1,97.5020604133606,robot_4,97.5020604133606
test_5_2_t_agriculture_i0_bl1,5,2,0,agriculture,bl1,97.5020604133606,robot_5,73.46211099624634
test_2_20_t_logistics_i0_bl0,2,20,0,logistics,bl0,1029.0105798244476,robot_1,49.46583008766174
test_2_20_t_logistics_i0_bl0,2,20,0,logistics,bl0,1029.0105798244476,robot_2,977.9770424365997
test_10_10_t_logistics_i1_bl0,10,10,1,logistics,bl0,613.5021371841431,robot_1,245.28940391540527
test_10_10_t_logistics_i1_bl0,10,10,1,logistics,bl0,613.5021371841431,robot_2,392.37420749664307
test_10_10_t_logistics_i1_bl0,10,10,1,logistics,bl0,613.5021371841431,robot_3,608.9636721611023
test_10_10_t_logistics_i1_bl0,10,10,1,logistics,bl0,613.5021371841431,robot_4,587.9646019935608
test_10_10_t_logistics_i1_bl0,10,10,1,logistics,bl0,613.5021371841431,robot_5,613.5021371841431
test_10_10_t_logistics_i1_bl0,10,10,1,logistics,bl0,613.5021371841431,robot_6,601.5037496089935
test_10_10_t_logistics_i1_bl0,10,10,1,logistics,bl0,613.5021371841431,robot_7,613.5021371841431
test_10_10_t_logistics_i1_bl0,10,10,1,logistics,bl0,613.5021371841431,robot_8,613.5021371841431
test_10_10_t_logistics_i1_bl0,10,10,1,logistics,bl0,613.5021371841431,robot_9,613.5021371841431
test_10_10_t_logistics_i1_bl0,10,10,1,logistics,bl0,613.5021371841431,robot_10,613.5021371841431
test_5_20_t_logistics_i1_bl1,5,20,1,logistics,bl1,1053.0219323635101,robot_1,461.2581980228424
test_5_20_t_logistics_i1_bl1,5,20,1,logistics,bl1,1053.0219323635101,robot_2,593.2762136459351
test_5_20_t_logistics_i1_bl1,5,20,1,logistics,bl1,1053.0219323635101,robot_3,1003.4632804393768
test_5_20_t_logistics_i1_bl1,5,20,1,logistics,bl1,1053.0219323635101,robot_4,1053.0219323635101
test_5_20_t_logistics_i1_bl1,5,20,1,logistics,bl1,1053.0219323635101,robot_5,1053.0219323635101
test_10_10_t_surveillance_i1_bl1,10,10,1,surveillance,bl1,442.50212574005127,robot_1,247.1289336681366
test_10_10_t_surveillance_i1_bl1,10,10,1,surveillance,bl1,442.50212574005127,robot_2,434.96501183509827
test_10_10_t_surveillance_i1_bl1,10,10,1,surveillance,bl1,442.50212574005127,robot_3,304.05750131607056
test_10_10_t_surveillance_i1_bl1,10,10,1,surveillance,bl1,442.50212574005127,robot_4,329.5955970287323
test_10_10_t_surveillance_i1_bl1,10,10,1,surveillance,bl1,442.50212574005127,robot_5,442.50212574005127
test_10_10_t_surveillance_i1_bl1,10,10,1,surveillance,bl1,442.50212574005127,robot_6,442.50212574005127
test_10_10_t_surveillance_i1_bl1,10,10,1,surveillance,bl1,442.50212574005127,robot_7,442.50212574005127
test_10_10_t_surveillance_i1_bl1,10,10,1,surveillance,bl1,442.50212574005127,robot_8,442.50212574005127
test_10_10_t_surveillance_i1_bl1,10,10,1,surveillance,bl1,442.50212574005127,robot_9,442.50212574005127
test_10_10_t_surveillance_i1_bl1,10,10,1,surveillance,bl1,442.50212574005127,robot_10,439.5039801597595
test_5_20_t_surveillance_i2_bl0,5,20,2,surveillance,bl0,870.022302865982,robot_1,380.7156002521515
test_5_20_t_surveillance_i2_bl0,5,20,2,surveillance,bl0,870.022302865982,robot_2,529.1481785774231
test_5_20_t_surveillance_i2_bl0,5,20,2,surveillance,bl0,870.022302865982,robot_3,843.0229754447937
test_5_20_t_surveillance_i2_bl0,5,20,2,surveillance,bl0,870.022302865982,robot_4,870.022302865982
test_5_20_t_surveillance_i2_bl0,5,20,2,surveillance,bl0,870.022302865982,robot_5,841.5020780563354
test_2_10_t_cleaning_i1_bl1,2,10,1,cleaning,bl1,513.0106685161591,robot_1,224.92229199409485
test_2_10_t_cleaning_i1_bl1,2,10,1,cleaning,bl1,513.0106685161591,robot_2,272.9215712547302
test_5_20_t_surveillance_i2_bl1,5,20,2,surveillance,bl1,870.0223295688629,robot_1,379.1560928821564
test_5_20_t_surveillance_i2_bl1,5,20,2,surveillance,bl1,870.0223295688629,robot_2,518.6429142951965
test_5_20_t_surveillance_i2_bl1,5,20,2,surveillance,bl1,870.0223295688629,robot_3,847.5021317005157
test_5_20_t_surveillance_i2_bl1,5,20,2,surveillance,bl1,870.0223295688629,robot_4,858.0369067192078
test_5_20_t_surveillance_i2_bl1,5,20,2,surveillance,bl1,870.0223295688629,robot_5,870.0223295688629
test_2_10_t_cleaning_i1_bl0,2,10,1,cleaning,bl0,513.0108525753021,robot_1,284.9276158809662
test_2_10_t_cleaning_i1_bl0,2,10,1,cleaning,bl0,513.0108525753021,robot_2,220.4417269229889
test_10_10_t_surveillance_i1_bl0,10,10,1,surveillance,bl0,439.5011990070343,robot_1,226.10610008239746
test_10_10_t_surveillance_i1_bl0,10,10,1,surveillance,bl0,439.5011990070343,robot_2,431.96281838417053
test_10_10_t_surveillance_i1_bl0,10,10,1,surveillance,bl0,439.5011990070343,robot_3,338.68818521499634
test_10_10_t_surveillance_i1_bl0,10,10,1,surveillance,bl0,439.5011990070343,robot_4,343.15180015563965
test_10_10_t_surveillance_i1_bl0,10,10,1,surveillance,bl0,439.5011990070343,robot_5,428.9634175300598
test_10_10_t_surveillance_i1_bl0,10,10,1,surveillance,bl0,439.5011990070343,robot_6,439.5011990070343
test_10_10_t_surveillance_i1_bl0,10,10,1,surveillance,bl0,439.5011990070343,robot_7,439.5011990070343
test_10_10_t_surveillance_i1_bl0,10,10,1,surveillance,bl0,439.5011990070343,robot_8,439.5011990070343
test_10_10_t_surveillance_i1_bl0,10,10,1,surveillance,bl0,439.5011990070343,robot_9,439.5011990070343
test_10_10_t_surveillance_i1_bl0,10,10,1,surveillance,bl0,439.5011990070343,robot_10,410.9634020328522
test_5_20_t_logistics_i1_bl0,5,20,1,logistics,bl0,1051.502252817154,robot_1,468.73717164993286
test_5_20_t_logistics_i1_bl0,5,20,1,logistics,bl0,1051.502252817154,robot_2,569.2539074420929
test_5_20_t_logistics_i1_bl0,5,20,1,logistics,bl0,1051.502252817154,robot_3,1031.9818682670593
test_5_20_t_logistics_i1_bl0,5,20,1,logistics,bl0,1051.502252817154,robot_4,1051.502252817154
test_5_20_t_logistics_i1_bl0,5,20,1,logistics,bl0,1051.502252817154,robot_5,1045.5026187896729
test_10_10_t_logistics_i1_bl1,10,10,1,logistics,bl1,612.0411064624786,robot_1,230.2897093296051
test_10_10_t_logistics_i1_bl1,10,10,1,logistics,bl1,612.0411064624786,robot_2,399.91160249710083
test_10_10_t_logistics_i1_bl1,10,10,1,logistics,bl1,612.0411064624786,robot_3,601.5024230480194
test_10_10_t_logistics_i1_bl1,10,10,1,logistics,bl1,612.0411064624786,robot_4,597.0420145988464
test_10_10_t_logistics_i1_bl1,10,10,1,logistics,bl1,612.0411064624786,robot_5,606.0409672260284
test_10_10_t_logistics_i1_bl1,10,10,1,logistics,bl1,612.0411064624786,robot_6,612.0411064624786
test_10_10_t_logistics_i1_bl1,10,10,1,logistics,bl1,612.0411064624786,robot_7,612.0411064624786
test_10_10_t_logistics_i1_bl1,10,10,1,logistics,bl1,612.0411064624786,robot_8,612.0411064624786
test_10_10_t_logistics_i1_bl1,10,10,1,logistics,bl1,612.0411064624786,robot_9,612.0411064624786
test_10_10_t_logistics_i1_bl1,10,10,1,logistics,bl1,612.0411064624786,robot_10,612.0411064624786
test_2_20_t_logistics_i0_bl1,2,20,0,logistics,bl1,1026.0105981826782,robot_1,56.97987747192383
test_2_20_t_logistics_i0_bl1,2,20,0,logistics,bl1,1026.0105981826782,robot_2,964.4848389625549
test_5_2_t_agriculture_i0_bl0,5,2,0,agriculture,bl0,97.50202894210815,robot_1,50.98262548446655
test_5_2_t_agriculture_i0_bl0,5,2,0,agriculture,bl0,97.50202894210815,robot_2,97.50202894210815
test_5_2_t_agriculture_i0_bl0,5,2,0,agriculture,bl0,97.50202894210815,robot_3,73.46145057678223
test_5_2_t_agriculture_i0_bl0,5,2,0,agriculture,bl0,97.50202894210815,robot_4,79.46203279495239
test_5_2_t_agriculture_i0_bl0,5,2,0,agriculture,bl0,97.50202894210815,robot_5,82.5026957988739
test_2_2_t_agriculture_i1_bl1,2,2,1,agriculture,bl1,123.01079845428467,robot_1,56.97822594642639
test_2_2_t_agriculture_i1_bl1,2,2,1,agriculture,bl1,123.01079845428467,robot_2,64.47359848022461
test_2_2_t_surveillance_i0_multi3,2,2,0,surveillance,multi3,91.50212693214417,robot_1,44.97504281997681
test_2_2_t_surveillance_i0_multi3,2,2,0,surveillance,multi3,91.50212693214417,robot_2,26.993409156799316
test_10_10_t_cleaning_i0_multi3,10,10,0,cleaning,multi3,91.50210118293762,robot_1,29.96403980255127
test_10_10_t_cleaning_i0_multi3,10,10,0,cleaning,multi3,91.50210118293762,robot_2,43.424373626708984
test_10_10_t_cleaning_i0_multi3,10,10,0,cleaning,multi3,91.50210118293762,robot_3,41.96628379821777
test_10_10_t_cleaning_i0_multi3,10,10,0,cleaning,multi3,91.50210118293762,robot_4,37.5034544467926
test_10_10_t_cleaning_i0_multi3,10,10,0,cleaning,multi3,91.50210118293762,robot_5,22.502984523773193
test_10_10_t_cleaning_i0_multi3,10,10,0,cleaning,multi3,91.50210118293762,robot_6,55.424922704696655
test_10_10_t_cleaning_i0_multi3,10,10,0,cleaning,multi3,91.50210118293762,robot_7,46.4251971244812
test_10_10_t_cleaning_i0_multi3,10,10,0,cleaning,multi3,91.50210118293762,robot_8,52.42805862426758
test_10_10_t_cleaning_i0_multi3,10,10,0,cleaning,multi3,91.50210118293762,robot_9,43.50271201133728
test_10_10_t_cleaning_i0_multi3,10,10,0,cleaning,multi3,91.50210118293762,robot_10,22.50421714782715
test_5_20_t_logistics_i2_multi3,5,20,2,logistics,multi3,703.5023102760315,robot_1,566.9823732376099
test_5_20_t_logistics_i2_multi3,5,20,2,logistics,multi3,703.5023102760315,robot_2,559.5034005641937
test_5_20_t_logistics_i2_multi3,5,20,2,logistics,multi3,703.5023102760315,robot_3,359.7479600906372
test_5_20_t_logistics_i2_multi3,5,20,2,logistics,multi3,703.5023102760315,robot_4,442.30223417282104
test_5_20_t_logistics_i2_multi3,5,20,2,logistics,multi3,703.5023102760315,robot_5,337.18066120147705
test_2_10_t_logistics_i2_bl2,2,10,2,logistics,bl2,520.5021419525146,robot_1,212.845764875412
test_2_10_t_logistics_i2_bl2,2,10,2,logistics,bl2,520.5021419525146,robot_2,302.86082458496094
test_2_20_t_cleaning_i0_bl0,2,20,0,cleaning,bl0,955.5013592243195,robot_1,458.88797783851624
test_2_20_t_cleaning_i0_bl0,2,20,0,cleaning,bl0,955.5013592243195,robot_2,475.37097692489624
test_2_2_t_cleaning_i1_multi3,2,2,1,cleaning,multi3,78.01053810119629,robot_1,30.00904631614685
test_2_2_t_cleaning_i1_multi3,2,2,1,cleaning,multi3,78.01053810119629,robot_2,3.009575128555298
test_5_10_t_agriculture_i2_bl2,5,10,2,agriculture,bl2,435.0217332839966,robot_1,158.90560913085938
test_5_10_t_agriculture_i2_bl2,5,10,2,agriculture,bl2,435.0217332839966,robot_2,386.9446973800659
test_5_10_t_agriculture_i2_bl2,5,10,2,agriculture,bl2,435.0217332839966,robot_3,422.9820182323456
test_5_10_t_agriculture_i2_bl2,5,10,2,agriculture,bl2,435.0217332839966,robot_4,421.5016555786133
test_5_10_t_agriculture_i2_bl2,5,10,2,agriculture,bl2,435.0217332839966,robot_5,329.8264145851135
